22656|43437541|0
22656|231767|0
22656|43432199|0
22656|43437909|0
22656|43404872|0
22656|43395426|1
22656|7912022|0
22656|853703|3
22656|43437171|0
22656|43441776|0
22656|43438342|0
22656|43440596|0
22656|43432457|0
22656|43431442|0
22656|43438072|0
22656|43438388|0
22656|43441506|0
22656|43439594|0
22656|43441352|0
22656|43440248|0
22656|43441160|0
22656|43440940|0
22656|16728866|0
22656|43434493|0
22656|42478340|0
22656|43282284|0
22656|43440479|1
22656|43438572|0
22656|43437711|0
22656|43439244|0
22656|43440310|0
22656|3240881|0
22656|43440249|0
22656|14418352|0
22656|43439884|0
22656|43439854|0
22656|43425263|0
22656|43439959|0
22656|43440046|0
22656|43439782|1
22656|43439678|0
22656|43438001|0
22656|43435231|0
22656|43439213|0
22656|43439460|0
22656|43437542|0
22656|43437333|0
22656|43438765|0
22656|43438536|0
22656|37759755|0
22656|43438616|0
22656|43435685|0
22656|43438414|0
22656|43438257|0
22656|43437515|0
22656|43437796|0
22656|43436681|0
22656|26195156|0
22656|43437635|0
22656|43437614|0
22656|43437109|0
22656|43437219|0
22656|43437080|0
22656|43436808|0
22656|43436739|0
22656|43436653|0
22656|43436608|0
22656|21218716|2
22656|43435217|0
22656|43431525|0
22656|43425450|0
22656|43434382|0
22656|10679580|0
22656|43431580|0
22656|43434170|0
22656|43434350|0
22656|43432137|0
22656|43432186|0
22656|43432871|0
22656|43432993|0
22656|43404226|0
22656|43433155|0
22656|43432917|0
22656|43432864|0
22656|43432268|0
22656|42037370|0
22656|11922383|0
22656|43432684|0
22656|43432630|0
22656|43432416|0
22656|43432349|0
22656|43428635|0
22656|43432234|0
22656|43432183|0
22656|43431689|0
22656|43431983|0
22656|43431732|0
22656|43431781|0
22656|1779199|0
29407|43437541|0
29407|231767|0
29407|43432199|0
29407|43437909|0
29407|43404872|0
29407|43395426|0
29407|7912022|0
29407|853703|0
29407|43437171|0
29407|43441776|0
29407|43438342|0
29407|43440596|0
29407|43432457|0
29407|43431442|0
29407|43438072|0
29407|43438388|0
29407|43441506|0
29407|43439594|0
29407|43441352|0
29407|43440248|0
29407|43441160|0
29407|43440940|0
29407|16728866|0
29407|43434493|0
29407|42478340|0
29407|43282284|0
29407|43440479|0
29407|43438572|0
29407|43437711|0
29407|43439244|0
29407|43440310|0
29407|3240881|0
29407|43440249|0
29407|14418352|0
29407|43439884|0
29407|43439854|0
29407|43425263|0
29407|43439959|0
29407|43440046|0
29407|43439782|0
29407|43439678|0
29407|43438001|0
29407|43435231|0
29407|43439213|0
29407|43439460|0
29407|43437542|0
29407|43437333|0
29407|43438765|0
29407|43438536|0
29407|37759755|0
29407|43438616|0
29407|43435685|0
29407|43438414|0
29407|43438257|0
29407|43437515|0
29407|43437796|0
29407|43436681|0
29407|26195156|0
29407|43437635|0
29407|43437614|0
29407|43437109|0
29407|43437219|0
29407|43437080|0
29407|43436808|0
29407|43436739|0
29407|43436653|0
29407|43436608|0
29407|21218716|0
29407|43435217|0
29407|43431525|0
29407|43425450|0
29407|43434382|0
29407|10679580|0
29407|43431580|0
29407|43434170|0
29407|43434350|0
29407|43432137|0
29407|43432186|0
29407|43432871|0
29407|43432993|0
29407|43404226|0
29407|43433155|0
29407|43432917|0
29407|43432864|0
29407|43432268|0
29407|42037370|0
29407|11922383|0
29407|43432684|0
29407|43432630|0
29407|43432416|0
29407|43432349|0
29407|43428635|0
29407|43432234|0
29407|43432183|0
29407|43431689|0
29407|43431983|0
29407|43431732|0
29407|43431781|0
29407|1779199|0
157882|43437541|0
157882|231767|0
157882|43432199|0
157882|43437909|0
157882|43404872|0
157882|43395426|0
157882|7912022|0
157882|853703|0
157882|43437171|0
157882|43441776|0
157882|43438342|0
157882|43440596|0
157882|43432457|0
157882|43431442|0
157882|43438072|0
157882|43438388|0
157882|43441506|0
157882|43439594|0
157882|43441352|0
157882|43440248|0
157882|43441160|0
157882|43440940|0
157882|16728866|0
157882|43434493|0
157882|42478340|0
157882|43282284|0
157882|43440479|0
157882|43438572|0
157882|43437711|0
157882|43439244|0
157882|43440310|0
157882|3240881|0
157882|43440249|0
157882|14418352|0
157882|43439884|0
157882|43439854|0
157882|43425263|0
157882|43439959|0
157882|43440046|0
157882|43439782|0
157882|43439678|0
157882|43438001|0
157882|43435231|0
157882|43439213|0
157882|43439460|0
157882|43437542|0
157882|43437333|0
157882|43438765|0
157882|43438536|0
157882|37759755|0
157882|43438616|0
157882|43435685|0
157882|43438414|0
157882|43438257|0
157882|43437515|0
157882|43437796|0
157882|43436681|0
157882|26195156|0
157882|43437635|0
157882|43437614|0
157882|43437109|0
157882|43437219|0
157882|43437080|0
157882|43436808|0
157882|43436739|0
157882|43436653|0
157882|43436608|0
157882|21218716|0
157882|43435217|0
157882|43431525|0
157882|43425450|0
157882|43434382|0
157882|10679580|0
157882|43431580|0
157882|43434170|0
157882|43434350|0
157882|43432137|0
157882|43432186|0
157882|43432871|0
157882|43432993|0
157882|43404226|0
157882|43433155|0
157882|43432917|0
157882|43432864|0
157882|43432268|0
157882|42037370|0
157882|11922383|0
157882|43432684|0
157882|43432630|0
157882|43432416|0
157882|43432349|0
157882|43428635|0
157882|43432234|0
157882|43432183|0
157882|43431689|0
157882|43431983|0
157882|43431732|0
157882|43431781|0
157882|1779199|0
6309|43437541|1
6309|231767|0
6309|43432199|1
6309|43437909|4
6309|43404872|0
6309|43395426|0
6309|7912022|1
6309|853703|0
6309|43437171|1
6309|43441776|0
6309|43438342|0
6309|43440596|0
6309|43432457|0
6309|43431442|0
6309|43438072|1
6309|43438388|3
6309|43441506|0
6309|43439594|0
6309|43441352|1
6309|43440248|0
6309|43441160|0
6309|43440940|0
6309|16728866|2
6309|43434493|2
6309|42478340|3
6309|43282284|0
6309|43440479|0
6309|43438572|0
6309|43437711|1
6309|43439244|0
6309|43440310|0
6309|3240881|3
6309|43440249|0
6309|14418352|4
6309|43439884|0
6309|43439854|0
6309|43425263|0
6309|43439959|0
6309|43440046|0
6309|43439782|0
6309|43439678|0
6309|43438001|0
6309|43435231|0
6309|43439213|0
6309|43439460|0
6309|43437542|0
6309|43437333|0
6309|43438765|1
6309|43438536|0
6309|37759755|5
6309|43438616|0
6309|43435685|0
6309|43438414|0
6309|43438257|0
6309|43437515|0
6309|43437796|0
6309|43436681|0
6309|26195156|0
6309|43437635|1
6309|43437614|0
6309|43437109|3
6309|43437219|0
6309|43437080|0
6309|43436808|0
6309|43436739|0
6309|43436653|0
6309|43436608|1
6309|21218716|0
6309|43435217|0
6309|43431525|0
6309|43425450|0
6309|43434382|1
6309|10679580|0
6309|43431580|0
6309|43434170|1
6309|43434350|0
6309|43432137|0
6309|43432186|0
6309|43432871|0
6309|43432993|1
6309|43404226|1
6309|43433155|0
6309|43432917|0
6309|43432864|0
6309|43432268|3
6309|42037370|2
6309|11922383|0
6309|43432684|0
6309|43432630|0
6309|43432416|0
6309|43432349|1
6309|43428635|0
6309|43432234|0
6309|43432183|0
6309|43431689|1
6309|43431983|3
6309|43431732|0
6309|43431781|1
6309|1779199|0
23354|43437541|0
23354|231767|0
23354|43432199|0
23354|43437909|0
23354|43404872|0
23354|43395426|1
23354|7912022|0
23354|853703|1
23354|43437171|0
23354|43441776|0
23354|43438342|0
23354|43440596|0
23354|43432457|0
23354|43431442|0
23354|43438072|0
23354|43438388|0
23354|43441506|0
23354|43439594|0
23354|43441352|0
23354|43440248|0
23354|43441160|0
23354|43440940|0
23354|16728866|0
23354|43434493|0
23354|42478340|0
23354|43282284|0
23354|43440479|3
23354|43438572|0
23354|43437711|0
23354|43439244|0
23354|43440310|0
23354|3240881|0
23354|43440249|0
23354|14418352|0
23354|43439884|0
23354|43439854|0
23354|43425263|0
23354|43439959|0
23354|43440046|0
23354|43439782|0
23354|43439678|0
23354|43438001|0
23354|43435231|0
23354|43439213|0
23354|43439460|0
23354|43437542|0
23354|43437333|0
23354|43438765|0
23354|43438536|0
23354|37759755|0
23354|43438616|0
23354|43435685|0
23354|43438414|0
23354|43438257|0
23354|43437515|0
23354|43437796|0
23354|43436681|0
23354|26195156|0
23354|43437635|0
23354|43437614|0
23354|43437109|0
23354|43437219|0
23354|43437080|0
23354|43436808|0
23354|43436739|0
23354|43436653|0
23354|43436608|0
23354|21218716|1
23354|43435217|0
23354|43431525|0
23354|43425450|0
23354|43434382|0
23354|10679580|0
23354|43431580|0
23354|43434170|0
23354|43434350|0
23354|43432137|0
23354|43432186|0
23354|43432871|0
23354|43432993|0
23354|43404226|0
23354|43433155|0
23354|43432917|0
23354|43432864|0
23354|43432268|0
23354|42037370|0
23354|11922383|0
23354|43432684|0
23354|43432630|0
23354|43432416|0
23354|43432349|0
23354|43428635|0
23354|43432234|0
23354|43432183|0
23354|43431689|0
23354|43431983|0
23354|43431732|0
23354|43431781|0
23354|1779199|0
34397|43437541|0
34397|231767|0
34397|43432199|0
34397|43437909|0
34397|43404872|0
34397|43395426|0
34397|7912022|0
34397|853703|0
34397|43437171|0
34397|43441776|0
34397|43438342|0
34397|43440596|0
34397|43432457|0
34397|43431442|0
34397|43438072|0
34397|43438388|0
34397|43441506|0
34397|43439594|0
34397|43441352|0
34397|43440248|0
34397|43441160|0
34397|43440940|0
34397|16728866|0
34397|43434493|0
34397|42478340|0
34397|43282284|0
34397|43440479|0
34397|43438572|0
34397|43437711|0
34397|43439244|0
34397|43440310|0
34397|3240881|0
34397|43440249|0
34397|14418352|0
34397|43439884|0
34397|43439854|0
34397|43425263|0
34397|43439959|0
34397|43440046|0
34397|43439782|0
34397|43439678|0
34397|43438001|0
34397|43435231|0
34397|43439213|0
34397|43439460|0
34397|43437542|0
34397|43437333|0
34397|43438765|0
34397|43438536|0
34397|37759755|0
34397|43438616|0
34397|43435685|0
34397|43438414|0
34397|43438257|0
34397|43437515|0
34397|43437796|0
34397|43436681|0
34397|26195156|0
34397|43437635|0
34397|43437614|0
34397|43437109|0
34397|43437219|0
34397|43437080|0
34397|43436808|0
34397|43436739|0
34397|43436653|0
34397|43436608|0
34397|21218716|0
34397|43435217|0
34397|43431525|0
34397|43425450|0
34397|43434382|0
34397|10679580|0
34397|43431580|0
34397|43434170|0
34397|43434350|0
34397|43432137|0
34397|43432186|0
34397|43432871|0
34397|43432993|0
34397|43404226|0
34397|43433155|0
34397|43432917|0
34397|43432864|0
34397|43432268|0
34397|42037370|0
34397|11922383|0
34397|43432684|0
34397|43432630|0
34397|43432416|0
34397|43432349|0
34397|43428635|0
34397|43432234|0
34397|43432183|0
34397|43431689|0
34397|43431983|0
34397|43431732|0
34397|43431781|0
34397|1779199|0
100297|43437541|0
100297|231767|1
100297|43432199|0
100297|43437909|0
100297|43404872|0
100297|43395426|0
100297|7912022|0
100297|853703|0
100297|43437171|0
100297|43441776|0
100297|43438342|0
100297|43440596|0
100297|43432457|0
100297|43431442|0
100297|43438072|0
100297|43438388|0
100297|43441506|4
100297|43439594|0
100297|43441352|0
100297|43440248|0
100297|43441160|0
100297|43440940|0
100297|16728866|0
100297|43434493|0
100297|42478340|0
100297|43282284|0
100297|43440479|0
100297|43438572|0
100297|43437711|0
100297|43439244|0
100297|43440310|0
100297|3240881|0
100297|43440249|0
100297|14418352|0
100297|43439884|0
100297|43439854|0
100297|43425263|0
100297|43439959|0
100297|43440046|0
100297|43439782|2
100297|43439678|0
100297|43438001|0
100297|43435231|0
100297|43439213|1
100297|43439460|0
100297|43437542|0
100297|43437333|0
100297|43438765|0
100297|43438536|0
100297|37759755|0
100297|43438616|0
100297|43435685|0
100297|43438414|3
100297|43438257|0
100297|43437515|0
100297|43437796|0
100297|43436681|0
100297|26195156|1
100297|43437635|0
100297|43437614|0
100297|43437109|0
100297|43437219|0
100297|43437080|0
100297|43436808|0
100297|43436739|0
100297|43436653|0
100297|43436608|0
100297|21218716|0
100297|43435217|4
100297|43431525|0
100297|43425450|0
100297|43434382|0
100297|10679580|0
100297|43431580|0
100297|43434170|0
100297|43434350|0
100297|43432137|0
100297|43432186|0
100297|43432871|0
100297|43432993|0
100297|43404226|0
100297|43433155|0
100297|43432917|0
100297|43432864|0
100297|43432268|0
100297|42037370|0
100297|11922383|0
100297|43432684|0
100297|43432630|0
100297|43432416|0
100297|43432349|0
100297|43428635|0
100297|43432234|0
100297|43432183|0
100297|43431689|0
100297|43431983|0
100297|43431732|0
100297|43431781|0
100297|1779199|0
893|43437541|0
893|231767|0
893|43432199|0
893|43437909|0
893|43404872|0
893|43395426|0
893|7912022|0
893|853703|0
893|43437171|0
893|43441776|0
893|43438342|0
893|43440596|0
893|43432457|0
893|43431442|0
893|43438072|0
893|43438388|0
893|43441506|0
893|43439594|0
893|43441352|0
893|43440248|0
893|43441160|0
893|43440940|0
893|16728866|0
893|43434493|0
893|42478340|0
893|43282284|0
893|43440479|0
893|43438572|0
893|43437711|0
893|43439244|0
893|43440310|0
893|3240881|0
893|43440249|0
893|14418352|0
893|43439884|0
893|43439854|0
893|43425263|0
893|43439959|0
893|43440046|0
893|43439782|0
893|43439678|0
893|43438001|0
893|43435231|0
893|43439213|0
893|43439460|0
893|43437542|0
893|43437333|0
893|43438765|0
893|43438536|0
893|37759755|0
893|43438616|0
893|43435685|0
893|43438414|0
893|43438257|0
893|43437515|0
893|43437796|0
893|43436681|0
893|26195156|0
893|43437635|0
893|43437614|0
893|43437109|0
893|43437219|0
893|43437080|0
893|43436808|0
893|43436739|0
893|43436653|0
893|43436608|0
893|21218716|0
893|43435217|0
893|43431525|0
893|43425450|0
893|43434382|0
893|10679580|0
893|43431580|0
893|43434170|0
893|43434350|0
893|43432137|0
893|43432186|0
893|43432871|0
893|43432993|0
893|43404226|0
893|43433155|0
893|43432917|0
893|43432864|0
893|43432268|0
893|42037370|0
893|11922383|0
893|43432684|0
893|43432630|0
893|43432416|0
893|43432349|0
893|43428635|0
893|43432234|0
893|43432183|0
893|43431689|0
893|43431983|0
893|43431732|0
893|43431781|0
893|1779199|0
95810|43437541|0
95810|231767|0
95810|43432199|0
95810|43437909|0
95810|43404872|0
95810|43395426|0
95810|7912022|0
95810|853703|0
95810|43437171|0
95810|43441776|0
95810|43438342|0
95810|43440596|0
95810|43432457|0
95810|43431442|0
95810|43438072|0
95810|43438388|0
95810|43441506|0
95810|43439594|0
95810|43441352|0
95810|43440248|0
95810|43441160|0
95810|43440940|0
95810|16728866|0
95810|43434493|0
95810|42478340|0
95810|43282284|0
95810|43440479|0
95810|43438572|0
95810|43437711|0
95810|43439244|0
95810|43440310|0
95810|3240881|0
95810|43440249|0
95810|14418352|0
95810|43439884|0
95810|43439854|0
95810|43425263|0
95810|43439959|0
95810|43440046|0
95810|43439782|0
95810|43439678|0
95810|43438001|0
95810|43435231|0
95810|43439213|0
95810|43439460|0
95810|43437542|0
95810|43437333|0
95810|43438765|0
95810|43438536|0
95810|37759755|0
95810|43438616|0
95810|43435685|0
95810|43438414|0
95810|43438257|0
95810|43437515|0
95810|43437796|0
95810|43436681|0
95810|26195156|0
95810|43437635|0
95810|43437614|0
95810|43437109|0
95810|43437219|0
95810|43437080|0
95810|43436808|0
95810|43436739|0
95810|43436653|0
95810|43436608|0
95810|21218716|0
95810|43435217|0
95810|43431525|0
95810|43425450|0
95810|43434382|0
95810|10679580|0
95810|43431580|0
95810|43434170|0
95810|43434350|0
95810|43432137|0
95810|43432186|0
95810|43432871|0
95810|43432993|0
95810|43404226|0
95810|43433155|0
95810|43432917|0
95810|43432864|0
95810|43432268|0
95810|42037370|0
95810|11922383|0
95810|43432684|0
95810|43432630|0
95810|43432416|0
95810|43432349|0
95810|43428635|0
95810|43432234|0
95810|43432183|0
95810|43431689|0
95810|43431983|0
95810|43431732|0
95810|43431781|0
95810|1779199|0
335858|43437541|1
335858|231767|0
335858|43432199|1
335858|43437909|0
335858|43404872|0
335858|43395426|0
335858|7912022|0
335858|853703|0
335858|43437171|2
335858|43441776|0
335858|43438342|0
335858|43440596|0
335858|43432457|0
335858|43431442|0
335858|43438072|1
335858|43438388|0
335858|43441506|0
335858|43439594|0
335858|43441352|1
335858|43440248|2
335858|43441160|0
335858|43440940|0
335858|16728866|0
335858|43434493|0
335858|42478340|0
335858|43282284|0
335858|43440479|0
335858|43438572|0
335858|43437711|1
335858|43439244|0
335858|43440310|0
335858|3240881|0
335858|43440249|0
335858|14418352|0
335858|43439884|0
335858|43439854|0
335858|43425263|1
335858|43439959|5
335858|43440046|0
335858|43439782|0
335858|43439678|0
335858|43438001|1
335858|43435231|0
335858|43439213|0
335858|43439460|0
335858|43437542|5
335858|43437333|2
335858|43438765|1
335858|43438536|0
335858|37759755|0
335858|43438616|3
335858|43435685|0
335858|43438414|0
335858|43438257|0
335858|43437515|2
335858|43437796|0
335858|43436681|0
335858|26195156|0
335858|43437635|1
335858|43437614|0
335858|43437109|0
335858|43437219|0
335858|43437080|0
335858|43436808|0
335858|43436739|0
335858|43436653|0
335858|43436608|1
335858|21218716|0
335858|43435217|0
335858|43431525|0
335858|43425450|0
335858|43434382|1
335858|10679580|0
335858|43431580|0
335858|43434170|1
335858|43434350|0
335858|43432137|1
335858|43432186|0
335858|43432871|0
335858|43432993|1
335858|43404226|1
335858|43433155|0
335858|43432917|0
335858|43432864|0
335858|43432268|0
335858|42037370|0
335858|11922383|0
335858|43432684|0
335858|43432630|0
335858|43432416|0
335858|43432349|0
335858|43428635|0
335858|43432234|0
335858|43432183|0
335858|43431689|1
335858|43431983|1
335858|43431732|0
335858|43431781|1
335858|1779199|2
5445|43437541|0
5445|231767|0
5445|43432199|0
5445|43437909|0
5445|43404872|0
5445|43395426|0
5445|7912022|0
5445|853703|0
5445|43437171|0
5445|43441776|0
5445|43438342|0
5445|43440596|0
5445|43432457|0
5445|43431442|0
5445|43438072|0
5445|43438388|0
5445|43441506|0
5445|43439594|0
5445|43441352|0
5445|43440248|0
5445|43441160|0
5445|43440940|0
5445|16728866|0
5445|43434493|0
5445|42478340|0
5445|43282284|0
5445|43440479|0
5445|43438572|0
5445|43437711|0
5445|43439244|0
5445|43440310|0
5445|3240881|0
5445|43440249|0
5445|14418352|0
5445|43439884|0
5445|43439854|0
5445|43425263|0
5445|43439959|0
5445|43440046|0
5445|43439782|0
5445|43439678|0
5445|43438001|0
5445|43435231|0
5445|43439213|0
5445|43439460|0
5445|43437542|0
5445|43437333|0
5445|43438765|0
5445|43438536|0
5445|37759755|0
5445|43438616|0
5445|43435685|0
5445|43438414|0
5445|43438257|0
5445|43437515|0
5445|43437796|0
5445|43436681|0
5445|26195156|0
5445|43437635|0
5445|43437614|0
5445|43437109|0
5445|43437219|0
5445|43437080|0
5445|43436808|0
5445|43436739|0
5445|43436653|0
5445|43436608|0
5445|21218716|0
5445|43435217|0
5445|43431525|0
5445|43425450|0
5445|43434382|0
5445|10679580|0
5445|43431580|0
5445|43434170|0
5445|43434350|0
5445|43432137|0
5445|43432186|0
5445|43432871|0
5445|43432993|0
5445|43404226|0
5445|43433155|0
5445|43432917|0
5445|43432864|0
5445|43432268|0
5445|42037370|0
5445|11922383|0
5445|43432684|0
5445|43432630|0
5445|43432416|0
5445|43432349|0
5445|43428635|0
5445|43432234|0
5445|43432183|0
5445|43431689|0
5445|43431983|0
5445|43431732|0
5445|43431781|0
5445|1779199|0
13302|43437541|0
13302|231767|0
13302|43432199|0
13302|43437909|0
13302|43404872|0
13302|43395426|0
13302|7912022|0
13302|853703|0
13302|43437171|0
13302|43441776|0
13302|43438342|0
13302|43440596|0
13302|43432457|0
13302|43431442|0
13302|43438072|0
13302|43438388|0
13302|43441506|0
13302|43439594|0
13302|43441352|0
13302|43440248|0
13302|43441160|0
13302|43440940|0
13302|16728866|0
13302|43434493|0
13302|42478340|0
13302|43282284|0
13302|43440479|0
13302|43438572|0
13302|43437711|0
13302|43439244|0
13302|43440310|0
13302|3240881|0
13302|43440249|0
13302|14418352|0
13302|43439884|0
13302|43439854|0
13302|43425263|0
13302|43439959|0
13302|43440046|0
13302|43439782|0
13302|43439678|0
13302|43438001|0
13302|43435231|0
13302|43439213|0
13302|43439460|0
13302|43437542|0
13302|43437333|0
13302|43438765|0
13302|43438536|0
13302|37759755|0
13302|43438616|0
13302|43435685|0
13302|43438414|0
13302|43438257|0
13302|43437515|0
13302|43437796|0
13302|43436681|0
13302|26195156|0
13302|43437635|0
13302|43437614|0
13302|43437109|0
13302|43437219|0
13302|43437080|0
13302|43436808|0
13302|43436739|0
13302|43436653|0
13302|43436608|0
13302|21218716|0
13302|43435217|0
13302|43431525|0
13302|43425450|0
13302|43434382|0
13302|10679580|0
13302|43431580|0
13302|43434170|0
13302|43434350|0
13302|43432137|0
13302|43432186|0
13302|43432871|0
13302|43432993|0
13302|43404226|0
13302|43433155|0
13302|43432917|0
13302|43432864|0
13302|43432268|0
13302|42037370|0
13302|11922383|0
13302|43432684|0
13302|43432630|0
13302|43432416|0
13302|43432349|0
13302|43428635|0
13302|43432234|0
13302|43432183|0
13302|43431689|0
13302|43431983|0
13302|43431732|0
13302|43431781|0
13302|1779199|0
61974|43437541|0
61974|231767|0
61974|43432199|0
61974|43437909|0
61974|43404872|0
61974|43395426|0
61974|7912022|0
61974|853703|0
61974|43437171|0
61974|43441776|0
61974|43438342|0
61974|43440596|0
61974|43432457|0
61974|43431442|0
61974|43438072|0
61974|43438388|0
61974|43441506|0
61974|43439594|0
61974|43441352|0
61974|43440248|1
61974|43441160|0
61974|43440940|0
61974|16728866|0
61974|43434493|0
61974|42478340|0
61974|43282284|0
61974|43440479|0
61974|43438572|0
61974|43437711|0
61974|43439244|0
61974|43440310|0
61974|3240881|0
61974|43440249|0
61974|14418352|0
61974|43439884|0
61974|43439854|0
61974|43425263|1
61974|43439959|1
61974|43440046|0
61974|43439782|0
61974|43439678|0
61974|43438001|0
61974|43435231|0
61974|43439213|0
61974|43439460|0
61974|43437542|1
61974|43437333|1
61974|43438765|0
61974|43438536|0
61974|37759755|0
61974|43438616|1
61974|43435685|0
61974|43438414|0
61974|43438257|0
61974|43437515|1
61974|43437796|0
61974|43436681|0
61974|26195156|0
61974|43437635|0
61974|43437614|0
61974|43437109|0
61974|43437219|0
61974|43437080|0
61974|43436808|0
61974|43436739|0
61974|43436653|0
61974|43436608|0
61974|21218716|0
61974|43435217|0
61974|43431525|0
61974|43425450|0
61974|43434382|0
61974|10679580|0
61974|43431580|0
61974|43434170|0
61974|43434350|0
61974|43432137|0
61974|43432186|0
61974|43432871|0
61974|43432993|0
61974|43404226|0
61974|43433155|0
61974|43432917|0
61974|43432864|0
61974|43432268|0
61974|42037370|0
61974|11922383|0
61974|43432684|0
61974|43432630|0
61974|43432416|0
61974|43432349|0
61974|43428635|0
61974|43432234|0
61974|43432183|0
61974|43431689|0
61974|43431983|0
61974|43431732|0
61974|43431781|0
61974|1779199|4
23283|43437541|0
23283|231767|0
23283|43432199|0
23283|43437909|0
23283|43404872|0
23283|43395426|0
23283|7912022|0
23283|853703|0
23283|43437171|0
23283|43441776|0
23283|43438342|0
23283|43440596|0
23283|43432457|0
23283|43431442|0
23283|43438072|0
23283|43438388|0
23283|43441506|0
23283|43439594|0
23283|43441352|0
23283|43440248|0
23283|43441160|0
23283|43440940|0
23283|16728866|0
23283|43434493|0
23283|42478340|0
23283|43282284|0
23283|43440479|0
23283|43438572|0
23283|43437711|0
23283|43439244|0
23283|43440310|0
23283|3240881|0
23283|43440249|0
23283|14418352|0
23283|43439884|0
23283|43439854|0
23283|43425263|0
23283|43439959|0
23283|43440046|0
23283|43439782|0
23283|43439678|0
23283|43438001|0
23283|43435231|0
23283|43439213|0
23283|43439460|0
23283|43437542|0
23283|43437333|0
23283|43438765|0
23283|43438536|0
23283|37759755|0
23283|43438616|0
23283|43435685|0
23283|43438414|0
23283|43438257|0
23283|43437515|0
23283|43437796|0
23283|43436681|0
23283|26195156|0
23283|43437635|0
23283|43437614|0
23283|43437109|0
23283|43437219|0
23283|43437080|0
23283|43436808|0
23283|43436739|0
23283|43436653|0
23283|43436608|0
23283|21218716|0
23283|43435217|0
23283|43431525|0
23283|43425450|0
23283|43434382|0
23283|10679580|0
23283|43431580|0
23283|43434170|0
23283|43434350|0
23283|43432137|0
23283|43432186|0
23283|43432871|0
23283|43432993|0
23283|43404226|0
23283|43433155|0
23283|43432917|0
23283|43432864|0
23283|43432268|0
23283|42037370|0
23283|11922383|0
23283|43432684|0
23283|43432630|0
23283|43432416|0
23283|43432349|0
23283|43428635|0
23283|43432234|0
23283|43432183|0
23283|43431689|0
23283|43431983|0
23283|43431732|0
23283|43431781|0
23283|1779199|0
69083|43437541|0
69083|231767|0
69083|43432199|0
69083|43437909|0
69083|43404872|0
69083|43395426|0
69083|7912022|0
69083|853703|0
69083|43437171|0
69083|43441776|0
69083|43438342|0
69083|43440596|0
69083|43432457|0
69083|43431442|0
69083|43438072|0
69083|43438388|0
69083|43441506|0
69083|43439594|0
69083|43441352|0
69083|43440248|0
69083|43441160|0
69083|43440940|0
69083|16728866|0
69083|43434493|0
69083|42478340|0
69083|43282284|0
69083|43440479|0
69083|43438572|0
69083|43437711|0
69083|43439244|0
69083|43440310|0
69083|3240881|0
69083|43440249|0
69083|14418352|0
69083|43439884|0
69083|43439854|0
69083|43425263|0
69083|43439959|0
69083|43440046|0
69083|43439782|0
69083|43439678|0
69083|43438001|0
69083|43435231|0
69083|43439213|0
69083|43439460|0
69083|43437542|0
69083|43437333|0
69083|43438765|0
69083|43438536|0
69083|37759755|0
69083|43438616|0
69083|43435685|0
69083|43438414|0
69083|43438257|0
69083|43437515|0
69083|43437796|0
69083|43436681|0
69083|26195156|0
69083|43437635|0
69083|43437614|0
69083|43437109|0
69083|43437219|0
69083|43437080|0
69083|43436808|0
69083|43436739|0
69083|43436653|0
69083|43436608|0
69083|21218716|0
69083|43435217|0
69083|43431525|0
69083|43425450|0
69083|43434382|0
69083|10679580|0
69083|43431580|0
69083|43434170|0
69083|43434350|0
69083|43432137|0
69083|43432186|0
69083|43432871|0
69083|43432993|0
69083|43404226|0
69083|43433155|0
69083|43432917|0
69083|43432864|0
69083|43432268|0
69083|42037370|0
69083|11922383|0
69083|43432684|0
69083|43432630|0
69083|43432416|0
69083|43432349|0
69083|43428635|0
69083|43432234|0
69083|43432183|0
69083|43431689|0
69083|43431983|0
69083|43431732|0
69083|43431781|0
69083|1779199|0
15168|43437541|0
15168|231767|0
15168|43432199|0
15168|43437909|0
15168|43404872|0
15168|43395426|0
15168|7912022|0
15168|853703|0
15168|43437171|0
15168|43441776|0
15168|43438342|0
15168|43440596|0
15168|43432457|0
15168|43431442|0
15168|43438072|0
15168|43438388|0
15168|43441506|0
15168|43439594|0
15168|43441352|0
15168|43440248|1
15168|43441160|0
15168|43440940|0
15168|16728866|0
15168|43434493|0
15168|42478340|0
15168|43282284|0
15168|43440479|0
15168|43438572|0
15168|43437711|0
15168|43439244|0
15168|43440310|0
15168|3240881|0
15168|43440249|0
15168|14418352|0
15168|43439884|0
15168|43439854|0
15168|43425263|3
15168|43439959|1
15168|43440046|0
15168|43439782|0
15168|43439678|0
15168|43438001|0
15168|43435231|0
15168|43439213|0
15168|43439460|0
15168|43437542|0
15168|43437333|1
15168|43438765|0
15168|43438536|0
15168|37759755|0
15168|43438616|1
15168|43435685|0
15168|43438414|0
15168|43438257|0
15168|43437515|1
15168|43437796|0
15168|43436681|0
15168|26195156|0
15168|43437635|0
15168|43437614|0
15168|43437109|0
15168|43437219|0
15168|43437080|0
15168|43436808|0
15168|43436739|0
15168|43436653|0
15168|43436608|0
15168|21218716|0
15168|43435217|0
15168|43431525|0
15168|43425450|0
15168|43434382|0
15168|10679580|0
15168|43431580|0
15168|43434170|0
15168|43434350|0
15168|43432137|0
15168|43432186|0
15168|43432871|0
15168|43432993|0
15168|43404226|0
15168|43433155|0
15168|43432917|0
15168|43432864|0
15168|43432268|0
15168|42037370|0
15168|11922383|0
15168|43432684|0
15168|43432630|0
15168|43432416|0
15168|43432349|0
15168|43428635|0
15168|43432234|0
15168|43432183|0
15168|43431689|0
15168|43431983|0
15168|43431732|0
15168|43431781|0
15168|1779199|1
13249|43437541|0
13249|231767|0
13249|43432199|0
13249|43437909|0
13249|43404872|0
13249|43395426|0
13249|7912022|0
13249|853703|0
13249|43437171|0
13249|43441776|0
13249|43438342|0
13249|43440596|0
13249|43432457|0
13249|43431442|0
13249|43438072|0
13249|43438388|0
13249|43441506|0
13249|43439594|0
13249|43441352|0
13249|43440248|0
13249|43441160|0
13249|43440940|0
13249|16728866|0
13249|43434493|0
13249|42478340|0
13249|43282284|0
13249|43440479|0
13249|43438572|0
13249|43437711|0
13249|43439244|0
13249|43440310|0
13249|3240881|0
13249|43440249|0
13249|14418352|0
13249|43439884|0
13249|43439854|0
13249|43425263|0
13249|43439959|0
13249|43440046|0
13249|43439782|0
13249|43439678|0
13249|43438001|0
13249|43435231|0
13249|43439213|0
13249|43439460|0
13249|43437542|0
13249|43437333|0
13249|43438765|0
13249|43438536|0
13249|37759755|0
13249|43438616|0
13249|43435685|0
13249|43438414|0
13249|43438257|0
13249|43437515|0
13249|43437796|0
13249|43436681|0
13249|26195156|0
13249|43437635|0
13249|43437614|0
13249|43437109|0
13249|43437219|0
13249|43437080|0
13249|43436808|0
13249|43436739|0
13249|43436653|0
13249|43436608|0
13249|21218716|0
13249|43435217|0
13249|43431525|0
13249|43425450|0
13249|43434382|0
13249|10679580|0
13249|43431580|0
13249|43434170|0
13249|43434350|0
13249|43432137|0
13249|43432186|0
13249|43432871|0
13249|43432993|0
13249|43404226|0
13249|43433155|0
13249|43432917|0
13249|43432864|0
13249|43432268|0
13249|42037370|0
13249|11922383|0
13249|43432684|0
13249|43432630|0
13249|43432416|0
13249|43432349|0
13249|43428635|0
13249|43432234|0
13249|43432183|0
13249|43431689|0
13249|43431983|0
13249|43431732|0
13249|43431781|0
13249|1779199|0
505088|43437541|0
505088|231767|0
505088|43432199|0
505088|43437909|0
505088|43404872|0
505088|43395426|0
505088|7912022|0
505088|853703|0
505088|43437171|0
505088|43441776|0
505088|43438342|0
505088|43440596|0
505088|43432457|0
505088|43431442|0
505088|43438072|0
505088|43438388|0
505088|43441506|0
505088|43439594|0
505088|43441352|0
505088|43440248|0
505088|43441160|0
505088|43440940|0
505088|16728866|0
505088|43434493|0
505088|42478340|0
505088|43282284|0
505088|43440479|0
505088|43438572|0
505088|43437711|0
505088|43439244|0
505088|43440310|0
505088|3240881|0
505088|43440249|0
505088|14418352|0
505088|43439884|0
505088|43439854|0
505088|43425263|0
505088|43439959|0
505088|43440046|0
505088|43439782|0
505088|43439678|0
505088|43438001|0
505088|43435231|0
505088|43439213|0
505088|43439460|0
505088|43437542|0
505088|43437333|0
505088|43438765|0
505088|43438536|0
505088|37759755|0
505088|43438616|0
505088|43435685|0
505088|43438414|0
505088|43438257|0
505088|43437515|0
505088|43437796|0
505088|43436681|0
505088|26195156|0
505088|43437635|0
505088|43437614|0
505088|43437109|0
505088|43437219|0
505088|43437080|0
505088|43436808|0
505088|43436739|0
505088|43436653|0
505088|43436608|0
505088|21218716|0
505088|43435217|0
505088|43431525|0
505088|43425450|0
505088|43434382|0
505088|10679580|0
505088|43431580|0
505088|43434170|0
505088|43434350|0
505088|43432137|0
505088|43432186|0
505088|43432871|0
505088|43432993|0
505088|43404226|0
505088|43433155|0
505088|43432917|0
505088|43432864|0
505088|43432268|0
505088|42037370|0
505088|11922383|0
505088|43432684|0
505088|43432630|0
505088|43432416|0
505088|43432349|0
505088|43428635|0
505088|43432234|0
505088|43432183|0
505088|43431689|0
505088|43431983|0
505088|43431732|0
505088|43431781|0
505088|1779199|0
88656|43437541|0
88656|231767|0
88656|43432199|0
88656|43437909|0
88656|43404872|0
88656|43395426|0
88656|7912022|0
88656|853703|0
88656|43437171|0
88656|43441776|0
88656|43438342|0
88656|43440596|0
88656|43432457|0
88656|43431442|0
88656|43438072|0
88656|43438388|0
88656|43441506|0
88656|43439594|0
88656|43441352|0
88656|43440248|0
88656|43441160|0
88656|43440940|0
88656|16728866|0
88656|43434493|0
88656|42478340|0
88656|43282284|0
88656|43440479|0
88656|43438572|0
88656|43437711|0
88656|43439244|0
88656|43440310|0
88656|3240881|0
88656|43440249|0
88656|14418352|0
88656|43439884|0
88656|43439854|0
88656|43425263|0
88656|43439959|0
88656|43440046|0
88656|43439782|0
88656|43439678|0
88656|43438001|0
88656|43435231|0
88656|43439213|0
88656|43439460|0
88656|43437542|0
88656|43437333|0
88656|43438765|0
88656|43438536|0
88656|37759755|0
88656|43438616|0
88656|43435685|0
88656|43438414|0
88656|43438257|0
88656|43437515|0
88656|43437796|0
88656|43436681|0
88656|26195156|0
88656|43437635|0
88656|43437614|0
88656|43437109|0
88656|43437219|0
88656|43437080|0
88656|43436808|0
88656|43436739|0
88656|43436653|0
88656|43436608|0
88656|21218716|0
88656|43435217|0
88656|43431525|0
88656|43425450|0
88656|43434382|0
88656|10679580|0
88656|43431580|0
88656|43434170|0
88656|43434350|0
88656|43432137|0
88656|43432186|0
88656|43432871|0
88656|43432993|0
88656|43404226|0
88656|43433155|0
88656|43432917|0
88656|43432864|0
88656|43432268|0
88656|42037370|0
88656|11922383|0
88656|43432684|0
88656|43432630|0
88656|43432416|0
88656|43432349|0
88656|43428635|0
88656|43432234|0
88656|43432183|0
88656|43431689|0
88656|43431983|0
88656|43431732|0
88656|43431781|0
88656|1779199|0
571407|43437541|5
571407|231767|1
571407|43432199|1
571407|43437909|0
571407|43404872|0
571407|43395426|0
571407|7912022|0
571407|853703|0
571407|43437171|1
571407|43441776|0
571407|43438342|0
571407|43440596|0
571407|43432457|0
571407|43431442|0
571407|43438072|1
571407|43438388|0
571407|43441506|0
571407|43439594|0
571407|43441352|1
571407|43440248|0
571407|43441160|0
571407|43440940|0
571407|16728866|0
571407|43434493|0
571407|42478340|0
571407|43282284|0
571407|43440479|0
571407|43438572|0
571407|43437711|1
571407|43439244|0
571407|43440310|0
571407|3240881|0
571407|43440249|0
571407|14418352|0
571407|43439884|0
571407|43439854|0
571407|43425263|0
571407|43439959|0
571407|43440046|0
571407|43439782|0
571407|43439678|0
571407|43438001|0
571407|43435231|0
571407|43439213|0
571407|43439460|0
571407|43437542|0
571407|43437333|0
571407|43438765|1
571407|43438536|0
571407|37759755|0
571407|43438616|0
571407|43435685|0
571407|43438414|0
571407|43438257|0
571407|43437515|0
571407|43437796|0
571407|43436681|0
571407|26195156|0
571407|43437635|1
571407|43437614|0
571407|43437109|0
571407|43437219|0
571407|43437080|0
571407|43436808|0
571407|43436739|0
571407|43436653|0
571407|43436608|1
571407|21218716|0
571407|43435217|0
571407|43431525|0
571407|43425450|0
571407|43434382|1
571407|10679580|0
571407|43431580|0
571407|43434170|1
571407|43434350|0
571407|43432137|1
571407|43432186|0
571407|43432871|0
571407|43432993|1
571407|43404226|1
571407|43433155|0
571407|43432917|0
571407|43432864|0
571407|43432268|0
571407|42037370|0
571407|11922383|0
571407|43432684|0
571407|43432630|0
571407|43432416|0
571407|43432349|0
571407|43428635|0
571407|43432234|0
571407|43432183|0
571407|43431689|1
571407|43431983|1
571407|43431732|0
571407|43431781|4
571407|1779199|0
218196|43437541|0
218196|231767|0
218196|43432199|0
218196|43437909|0
218196|43404872|0
218196|43395426|0
218196|7912022|0
218196|853703|0
218196|43437171|0
218196|43441776|0
218196|43438342|0
218196|43440596|0
218196|43432457|0
218196|43431442|0
218196|43438072|0
218196|43438388|0
218196|43441506|0
218196|43439594|0
218196|43441352|0
218196|43440248|0
218196|43441160|0
218196|43440940|0
218196|16728866|0
218196|43434493|0
218196|42478340|0
218196|43282284|0
218196|43440479|0
218196|43438572|0
218196|43437711|0
218196|43439244|0
218196|43440310|0
218196|3240881|0
218196|43440249|0
218196|14418352|0
218196|43439884|1
218196|43439854|0
218196|43425263|0
218196|43439959|0
218196|43440046|0
218196|43439782|0
218196|43439678|0
218196|43438001|0
218196|43435231|0
218196|43439213|0
218196|43439460|0
218196|43437542|0
218196|43437333|0
218196|43438765|0
218196|43438536|0
218196|37759755|0
218196|43438616|0
218196|43435685|0
218196|43438414|0
218196|43438257|0
218196|43437515|0
218196|43437796|1
218196|43436681|0
218196|26195156|0
218196|43437635|0
218196|43437614|0
218196|43437109|0
218196|43437219|0
218196|43437080|0
218196|43436808|0
218196|43436739|0
218196|43436653|0
218196|43436608|0
218196|21218716|0
218196|43435217|0
218196|43431525|0
218196|43425450|0
218196|43434382|0
218196|10679580|1
218196|43431580|0
218196|43434170|0
218196|43434350|1
218196|43432137|0
218196|43432186|0
218196|43432871|0
218196|43432993|0
218196|43404226|0
218196|43433155|0
218196|43432917|0
218196|43432864|0
218196|43432268|0
218196|42037370|0
218196|11922383|5
218196|43432684|0
218196|43432630|0
218196|43432416|0
218196|43432349|0
218196|43428635|0
218196|43432234|1
218196|43432183|1
218196|43431689|0
218196|43431983|0
218196|43431732|0
218196|43431781|0
218196|1779199|0
18393|43437541|0
18393|231767|0
18393|43432199|0
18393|43437909|0
18393|43404872|0
18393|43395426|0
18393|7912022|0
18393|853703|0
18393|43437171|0
18393|43441776|0
18393|43438342|0
18393|43440596|0
18393|43432457|0
18393|43431442|0
18393|43438072|0
18393|43438388|0
18393|43441506|0
18393|43439594|0
18393|43441352|0
18393|43440248|0
18393|43441160|0
18393|43440940|0
18393|16728866|0
18393|43434493|0
18393|42478340|0
18393|43282284|0
18393|43440479|0
18393|43438572|0
18393|43437711|0
18393|43439244|0
18393|43440310|0
18393|3240881|0
18393|43440249|0
18393|14418352|0
18393|43439884|0
18393|43439854|0
18393|43425263|0
18393|43439959|0
18393|43440046|0
18393|43439782|0
18393|43439678|0
18393|43438001|0
18393|43435231|0
18393|43439213|0
18393|43439460|0
18393|43437542|0
18393|43437333|0
18393|43438765|0
18393|43438536|0
18393|37759755|0
18393|43438616|0
18393|43435685|0
18393|43438414|0
18393|43438257|0
18393|43437515|0
18393|43437796|0
18393|43436681|0
18393|26195156|0
18393|43437635|0
18393|43437614|0
18393|43437109|0
18393|43437219|0
18393|43437080|0
18393|43436808|0
18393|43436739|0
18393|43436653|0
18393|43436608|0
18393|21218716|0
18393|43435217|0
18393|43431525|0
18393|43425450|0
18393|43434382|0
18393|10679580|0
18393|43431580|0
18393|43434170|0
18393|43434350|0
18393|43432137|0
18393|43432186|0
18393|43432871|0
18393|43432993|0
18393|43404226|0
18393|43433155|0
18393|43432917|0
18393|43432864|0
18393|43432268|0
18393|42037370|0
18393|11922383|0
18393|43432684|0
18393|43432630|0
18393|43432416|0
18393|43432349|0
18393|43428635|0
18393|43432234|0
18393|43432183|0
18393|43431689|0
18393|43431983|0
18393|43431732|0
18393|43431781|0
18393|1779199|0
53114|43437541|0
53114|231767|0
53114|43432199|0
53114|43437909|0
53114|43404872|0
53114|43395426|0
53114|7912022|0
53114|853703|0
53114|43437171|0
53114|43441776|0
53114|43438342|0
53114|43440596|0
53114|43432457|0
53114|43431442|0
53114|43438072|0
53114|43438388|0
53114|43441506|0
53114|43439594|0
53114|43441352|0
53114|43440248|0
53114|43441160|0
53114|43440940|0
53114|16728866|0
53114|43434493|0
53114|42478340|0
53114|43282284|0
53114|43440479|0
53114|43438572|0
53114|43437711|0
53114|43439244|0
53114|43440310|0
53114|3240881|0
53114|43440249|0
53114|14418352|0
53114|43439884|0
53114|43439854|0
53114|43425263|0
53114|43439959|0
53114|43440046|0
53114|43439782|0
53114|43439678|0
53114|43438001|0
53114|43435231|0
53114|43439213|0
53114|43439460|0
53114|43437542|0
53114|43437333|0
53114|43438765|0
53114|43438536|0
53114|37759755|0
53114|43438616|0
53114|43435685|0
53114|43438414|0
53114|43438257|0
53114|43437515|0
53114|43437796|0
53114|43436681|0
53114|26195156|0
53114|43437635|0
53114|43437614|0
53114|43437109|0
53114|43437219|0
53114|43437080|0
53114|43436808|0
53114|43436739|0
53114|43436653|0
53114|43436608|0
53114|21218716|0
53114|43435217|0
53114|43431525|0
53114|43425450|0
53114|43434382|0
53114|10679580|0
53114|43431580|0
53114|43434170|0
53114|43434350|0
53114|43432137|0
53114|43432186|0
53114|43432871|0
53114|43432993|0
53114|43404226|0
53114|43433155|0
53114|43432917|0
53114|43432864|0
53114|43432268|0
53114|42037370|0
53114|11922383|0
53114|43432684|0
53114|43432630|0
53114|43432416|0
53114|43432349|0
53114|43428635|0
53114|43432234|0
53114|43432183|0
53114|43431689|0
53114|43431983|0
53114|43431732|0
53114|43431781|0
53114|1779199|0
139985|43437541|1
139985|231767|0
139985|43432199|1
139985|43437909|0
139985|43404872|0
139985|43395426|0
139985|7912022|0
139985|853703|0
139985|43437171|1
139985|43441776|0
139985|43438342|0
139985|43440596|0
139985|43432457|0
139985|43431442|0
139985|43438072|1
139985|43438388|0
139985|43441506|0
139985|43439594|0
139985|43441352|1
139985|43440248|0
139985|43441160|0
139985|43440940|0
139985|16728866|0
139985|43434493|0
139985|42478340|0
139985|43282284|0
139985|43440479|0
139985|43438572|0
139985|43437711|1
139985|43439244|0
139985|43440310|0
139985|3240881|0
139985|43440249|0
139985|14418352|0
139985|43439884|0
139985|43439854|0
139985|43425263|0
139985|43439959|0
139985|43440046|0
139985|43439782|0
139985|43439678|0
139985|43438001|0
139985|43435231|0
139985|43439213|0
139985|43439460|0
139985|43437542|0
139985|43437333|0
139985|43438765|1
139985|43438536|0
139985|37759755|0
139985|43438616|0
139985|43435685|0
139985|43438414|0
139985|43438257|0
139985|43437515|0
139985|43437796|0
139985|43436681|0
139985|26195156|0
139985|43437635|1
139985|43437614|0
139985|43437109|0
139985|43437219|0
139985|43437080|0
139985|43436808|0
139985|43436739|0
139985|43436653|0
139985|43436608|1
139985|21218716|0
139985|43435217|0
139985|43431525|0
139985|43425450|0
139985|43434382|1
139985|10679580|0
139985|43431580|0
139985|43434170|1
139985|43434350|0
139985|43432137|0
139985|43432186|0
139985|43432871|0
139985|43432993|2
139985|43404226|1
139985|43433155|0
139985|43432917|0
139985|43432864|0
139985|43432268|0
139985|42037370|0
139985|11922383|0
139985|43432684|0
139985|43432630|0
139985|43432416|0
139985|43432349|0
139985|43428635|0
139985|43432234|0
139985|43432183|0
139985|43431689|1
139985|43431983|1
139985|43431732|0
139985|43431781|1
139985|1779199|0
70604|43437541|0
70604|231767|0
70604|43432199|0
70604|43437909|0
70604|43404872|0
70604|43395426|0
70604|7912022|0
70604|853703|0
70604|43437171|0
70604|43441776|0
70604|43438342|0
70604|43440596|0
70604|43432457|0
70604|43431442|0
70604|43438072|0
70604|43438388|0
70604|43441506|0
70604|43439594|0
70604|43441352|0
70604|43440248|0
70604|43441160|0
70604|43440940|0
70604|16728866|0
70604|43434493|0
70604|42478340|0
70604|43282284|0
70604|43440479|0
70604|43438572|0
70604|43437711|0
70604|43439244|0
70604|43440310|0
70604|3240881|0
70604|43440249|0
70604|14418352|0
70604|43439884|0
70604|43439854|0
70604|43425263|0
70604|43439959|0
70604|43440046|0
70604|43439782|0
70604|43439678|0
70604|43438001|0
70604|43435231|0
70604|43439213|0
70604|43439460|0
70604|43437542|0
70604|43437333|0
70604|43438765|0
70604|43438536|0
70604|37759755|0
70604|43438616|0
70604|43435685|0
70604|43438414|0
70604|43438257|0
70604|43437515|0
70604|43437796|0
70604|43436681|0
70604|26195156|0
70604|43437635|0
70604|43437614|0
70604|43437109|0
70604|43437219|0
70604|43437080|0
70604|43436808|0
70604|43436739|0
70604|43436653|0
70604|43436608|0
70604|21218716|0
70604|43435217|0
70604|43431525|0
70604|43425450|0
70604|43434382|0
70604|10679580|0
70604|43431580|0
70604|43434170|0
70604|43434350|0
70604|43432137|0
70604|43432186|0
70604|43432871|0
70604|43432993|0
70604|43404226|0
70604|43433155|0
70604|43432917|0
70604|43432864|0
70604|43432268|0
70604|42037370|0
70604|11922383|0
70604|43432684|0
70604|43432630|0
70604|43432416|0
70604|43432349|0
70604|43428635|0
70604|43432234|0
70604|43432183|0
70604|43431689|0
70604|43431983|0
70604|43431732|0
70604|43431781|0
70604|1779199|0
106224|43437541|0
106224|231767|0
106224|43432199|0
106224|43437909|0
106224|43404872|0
106224|43395426|0
106224|7912022|0
106224|853703|0
106224|43437171|0
106224|43441776|0
106224|43438342|0
106224|43440596|0
106224|43432457|0
106224|43431442|0
106224|43438072|0
106224|43438388|0
106224|43441506|0
106224|43439594|0
106224|43441352|0
106224|43440248|0
106224|43441160|0
106224|43440940|0
106224|16728866|0
106224|43434493|0
106224|42478340|0
106224|43282284|0
106224|43440479|0
106224|43438572|0
106224|43437711|0
106224|43439244|0
106224|43440310|0
106224|3240881|0
106224|43440249|0
106224|14418352|0
106224|43439884|0
106224|43439854|0
106224|43425263|0
106224|43439959|0
106224|43440046|0
106224|43439782|0
106224|43439678|0
106224|43438001|0
106224|43435231|0
106224|43439213|0
106224|43439460|0
106224|43437542|0
106224|43437333|0
106224|43438765|0
106224|43438536|0
106224|37759755|0
106224|43438616|0
106224|43435685|0
106224|43438414|0
106224|43438257|0
106224|43437515|0
106224|43437796|0
106224|43436681|0
106224|26195156|0
106224|43437635|0
106224|43437614|0
106224|43437109|0
106224|43437219|0
106224|43437080|0
106224|43436808|0
106224|43436739|0
106224|43436653|0
106224|43436608|0
106224|21218716|0
106224|43435217|0
106224|43431525|0
106224|43425450|0
106224|43434382|0
106224|10679580|0
106224|43431580|0
106224|43434170|0
106224|43434350|0
106224|43432137|0
106224|43432186|0
106224|43432871|0
106224|43432993|0
106224|43404226|0
106224|43433155|0
106224|43432917|0
106224|43432864|0
106224|43432268|0
106224|42037370|0
106224|11922383|0
106224|43432684|0
106224|43432630|0
106224|43432416|0
106224|43432349|0
106224|43428635|0
106224|43432234|0
106224|43432183|0
106224|43431689|0
106224|43431983|0
106224|43431732|0
106224|43431781|0
106224|1779199|0
65358|43437541|0
65358|231767|0
65358|43432199|0
65358|43437909|0
65358|43404872|0
65358|43395426|0
65358|7912022|0
65358|853703|0
65358|43437171|0
65358|43441776|0
65358|43438342|0
65358|43440596|0
65358|43432457|0
65358|43431442|0
65358|43438072|0
65358|43438388|0
65358|43441506|0
65358|43439594|0
65358|43441352|0
65358|43440248|0
65358|43441160|0
65358|43440940|0
65358|16728866|0
65358|43434493|0
65358|42478340|0
65358|43282284|0
65358|43440479|0
65358|43438572|0
65358|43437711|0
65358|43439244|0
65358|43440310|0
65358|3240881|0
65358|43440249|0
65358|14418352|0
65358|43439884|0
65358|43439854|0
65358|43425263|0
65358|43439959|0
65358|43440046|0
65358|43439782|0
65358|43439678|0
65358|43438001|0
65358|43435231|0
65358|43439213|0
65358|43439460|0
65358|43437542|0
65358|43437333|0
65358|43438765|0
65358|43438536|0
65358|37759755|0
65358|43438616|0
65358|43435685|0
65358|43438414|0
65358|43438257|0
65358|43437515|0
65358|43437796|0
65358|43436681|0
65358|26195156|0
65358|43437635|0
65358|43437614|0
65358|43437109|0
65358|43437219|0
65358|43437080|0
65358|43436808|0
65358|43436739|0
65358|43436653|0
65358|43436608|0
65358|21218716|0
65358|43435217|0
65358|43431525|0
65358|43425450|0
65358|43434382|0
65358|10679580|0
65358|43431580|0
65358|43434170|0
65358|43434350|0
65358|43432137|0
65358|43432186|0
65358|43432871|0
65358|43432993|0
65358|43404226|0
65358|43433155|0
65358|43432917|0
65358|43432864|0
65358|43432268|0
65358|42037370|0
65358|11922383|0
65358|43432684|0
65358|43432630|0
65358|43432416|0
65358|43432349|0
65358|43428635|0
65358|43432234|0
65358|43432183|0
65358|43431689|0
65358|43431983|0
65358|43431732|0
65358|43431781|0
65358|1779199|0
203907|43437541|0
203907|231767|0
203907|43432199|0
203907|43437909|0
203907|43404872|0
203907|43395426|0
203907|7912022|0
203907|853703|0
203907|43437171|0
203907|43441776|0
203907|43438342|0
203907|43440596|0
203907|43432457|0
203907|43431442|0
203907|43438072|0
203907|43438388|0
203907|43441506|0
203907|43439594|0
203907|43441352|0
203907|43440248|0
203907|43441160|0
203907|43440940|0
203907|16728866|0
203907|43434493|0
203907|42478340|0
203907|43282284|0
203907|43440479|0
203907|43438572|0
203907|43437711|0
203907|43439244|0
203907|43440310|0
203907|3240881|0
203907|43440249|0
203907|14418352|0
203907|43439884|0
203907|43439854|0
203907|43425263|0
203907|43439959|0
203907|43440046|0
203907|43439782|0
203907|43439678|0
203907|43438001|0
203907|43435231|0
203907|43439213|0
203907|43439460|0
203907|43437542|0
203907|43437333|0
203907|43438765|0
203907|43438536|0
203907|37759755|0
203907|43438616|0
203907|43435685|0
203907|43438414|0
203907|43438257|0
203907|43437515|0
203907|43437796|0
203907|43436681|0
203907|26195156|0
203907|43437635|0
203907|43437614|0
203907|43437109|0
203907|43437219|0
203907|43437080|0
203907|43436808|0
203907|43436739|0
203907|43436653|0
203907|43436608|0
203907|21218716|0
203907|43435217|0
203907|43431525|0
203907|43425450|0
203907|43434382|0
203907|10679580|0
203907|43431580|0
203907|43434170|0
203907|43434350|0
203907|43432137|0
203907|43432186|0
203907|43432871|0
203907|43432993|0
203907|43404226|0
203907|43433155|0
203907|43432917|0
203907|43432864|0
203907|43432268|0
203907|42037370|0
203907|11922383|0
203907|43432684|0
203907|43432630|0
203907|43432416|0
203907|43432349|0
203907|43428635|0
203907|43432234|0
203907|43432183|0
203907|43431689|0
203907|43431983|0
203907|43431732|0
203907|43431781|0
203907|1779199|0
18936|43437541|0
18936|231767|0
18936|43432199|0
18936|43437909|0
18936|43404872|0
18936|43395426|0
18936|7912022|0
18936|853703|0
18936|43437171|0
18936|43441776|0
18936|43438342|0
18936|43440596|0
18936|43432457|0
18936|43431442|0
18936|43438072|0
18936|43438388|0
18936|43441506|0
18936|43439594|0
18936|43441352|0
18936|43440248|0
18936|43441160|0
18936|43440940|0
18936|16728866|0
18936|43434493|0
18936|42478340|0
18936|43282284|0
18936|43440479|0
18936|43438572|0
18936|43437711|0
18936|43439244|0
18936|43440310|0
18936|3240881|0
18936|43440249|0
18936|14418352|0
18936|43439884|0
18936|43439854|0
18936|43425263|0
18936|43439959|0
18936|43440046|0
18936|43439782|0
18936|43439678|0
18936|43438001|0
18936|43435231|0
18936|43439213|0
18936|43439460|0
18936|43437542|0
18936|43437333|0
18936|43438765|0
18936|43438536|0
18936|37759755|0
18936|43438616|0
18936|43435685|0
18936|43438414|0
18936|43438257|0
18936|43437515|0
18936|43437796|0
18936|43436681|0
18936|26195156|0
18936|43437635|0
18936|43437614|0
18936|43437109|0
18936|43437219|0
18936|43437080|0
18936|43436808|0
18936|43436739|0
18936|43436653|0
18936|43436608|0
18936|21218716|0
18936|43435217|0
18936|43431525|0
18936|43425450|0
18936|43434382|0
18936|10679580|0
18936|43431580|0
18936|43434170|0
18936|43434350|0
18936|43432137|0
18936|43432186|0
18936|43432871|0
18936|43432993|0
18936|43404226|0
18936|43433155|0
18936|43432917|0
18936|43432864|0
18936|43432268|0
18936|42037370|0
18936|11922383|0
18936|43432684|0
18936|43432630|0
18936|43432416|0
18936|43432349|0
18936|43428635|0
18936|43432234|0
18936|43432183|0
18936|43431689|0
18936|43431983|0
18936|43431732|0
18936|43431781|0
18936|1779199|0
12950|43437541|0
12950|231767|0
12950|43432199|0
12950|43437909|0
12950|43404872|0
12950|43395426|0
12950|7912022|0
12950|853703|0
12950|43437171|0
12950|43441776|0
12950|43438342|0
12950|43440596|0
12950|43432457|0
12950|43431442|0
12950|43438072|0
12950|43438388|0
12950|43441506|0
12950|43439594|0
12950|43441352|0
12950|43440248|0
12950|43441160|0
12950|43440940|0
12950|16728866|0
12950|43434493|0
12950|42478340|0
12950|43282284|0
12950|43440479|0
12950|43438572|0
12950|43437711|0
12950|43439244|0
12950|43440310|0
12950|3240881|0
12950|43440249|0
12950|14418352|0
12950|43439884|0
12950|43439854|0
12950|43425263|0
12950|43439959|0
12950|43440046|0
12950|43439782|0
12950|43439678|0
12950|43438001|0
12950|43435231|0
12950|43439213|0
12950|43439460|0
12950|43437542|0
12950|43437333|0
12950|43438765|0
12950|43438536|0
12950|37759755|0
12950|43438616|0
12950|43435685|0
12950|43438414|0
12950|43438257|0
12950|43437515|0
12950|43437796|0
12950|43436681|0
12950|26195156|0
12950|43437635|0
12950|43437614|0
12950|43437109|0
12950|43437219|0
12950|43437080|0
12950|43436808|0
12950|43436739|0
12950|43436653|0
12950|43436608|0
12950|21218716|0
12950|43435217|0
12950|43431525|0
12950|43425450|0
12950|43434382|0
12950|10679580|0
12950|43431580|0
12950|43434170|0
12950|43434350|0
12950|43432137|0
12950|43432186|0
12950|43432871|0
12950|43432993|0
12950|43404226|0
12950|43433155|0
12950|43432917|0
12950|43432864|0
12950|43432268|0
12950|42037370|0
12950|11922383|0
12950|43432684|0
12950|43432630|0
12950|43432416|0
12950|43432349|0
12950|43428635|0
12950|43432234|0
12950|43432183|0
12950|43431689|0
12950|43431983|0
12950|43431732|0
12950|43431781|0
12950|1779199|0
34509|43437541|0
34509|231767|0
34509|43432199|0
34509|43437909|0
34509|43404872|0
34509|43395426|0
34509|7912022|0
34509|853703|0
34509|43437171|0
34509|43441776|0
34509|43438342|0
34509|43440596|0
34509|43432457|0
34509|43431442|0
34509|43438072|0
34509|43438388|0
34509|43441506|0
34509|43439594|0
34509|43441352|0
34509|43440248|0
34509|43441160|0
34509|43440940|0
34509|16728866|0
34509|43434493|0
34509|42478340|0
34509|43282284|0
34509|43440479|0
34509|43438572|0
34509|43437711|0
34509|43439244|0
34509|43440310|0
34509|3240881|0
34509|43440249|0
34509|14418352|0
34509|43439884|0
34509|43439854|0
34509|43425263|0
34509|43439959|0
34509|43440046|0
34509|43439782|0
34509|43439678|0
34509|43438001|0
34509|43435231|0
34509|43439213|0
34509|43439460|0
34509|43437542|0
34509|43437333|0
34509|43438765|0
34509|43438536|0
34509|37759755|0
34509|43438616|0
34509|43435685|0
34509|43438414|0
34509|43438257|0
34509|43437515|0
34509|43437796|0
34509|43436681|0
34509|26195156|0
34509|43437635|0
34509|43437614|0
34509|43437109|0
34509|43437219|0
34509|43437080|0
34509|43436808|0
34509|43436739|0
34509|43436653|0
34509|43436608|0
34509|21218716|0
34509|43435217|0
34509|43431525|0
34509|43425450|0
34509|43434382|0
34509|10679580|0
34509|43431580|0
34509|43434170|0
34509|43434350|0
34509|43432137|0
34509|43432186|0
34509|43432871|0
34509|43432993|0
34509|43404226|0
34509|43433155|0
34509|43432917|0
34509|43432864|0
34509|43432268|0
34509|42037370|0
34509|11922383|0
34509|43432684|0
34509|43432630|0
34509|43432416|0
34509|43432349|0
34509|43428635|0
34509|43432234|0
34509|43432183|0
34509|43431689|0
34509|43431983|0
34509|43431732|0
34509|43431781|0
34509|1779199|0
1583|43437541|0
1583|231767|0
1583|43432199|0
1583|43437909|0
1583|43404872|0
1583|43395426|0
1583|7912022|0
1583|853703|0
1583|43437171|0
1583|43441776|0
1583|43438342|0
1583|43440596|0
1583|43432457|0
1583|43431442|0
1583|43438072|0
1583|43438388|0
1583|43441506|0
1583|43439594|0
1583|43441352|0
1583|43440248|0
1583|43441160|0
1583|43440940|0
1583|16728866|0
1583|43434493|0
1583|42478340|0
1583|43282284|0
1583|43440479|0
1583|43438572|0
1583|43437711|0
1583|43439244|0
1583|43440310|0
1583|3240881|0
1583|43440249|0
1583|14418352|0
1583|43439884|0
1583|43439854|0
1583|43425263|0
1583|43439959|0
1583|43440046|0
1583|43439782|0
1583|43439678|0
1583|43438001|0
1583|43435231|0
1583|43439213|0
1583|43439460|0
1583|43437542|0
1583|43437333|0
1583|43438765|0
1583|43438536|0
1583|37759755|0
1583|43438616|0
1583|43435685|0
1583|43438414|0
1583|43438257|0
1583|43437515|0
1583|43437796|0
1583|43436681|0
1583|26195156|0
1583|43437635|0
1583|43437614|0
1583|43437109|0
1583|43437219|0
1583|43437080|0
1583|43436808|0
1583|43436739|0
1583|43436653|0
1583|43436608|0
1583|21218716|0
1583|43435217|0
1583|43431525|0
1583|43425450|0
1583|43434382|0
1583|10679580|0
1583|43431580|0
1583|43434170|0
1583|43434350|0
1583|43432137|0
1583|43432186|0
1583|43432871|0
1583|43432993|0
1583|43404226|0
1583|43433155|0
1583|43432917|0
1583|43432864|0
1583|43432268|0
1583|42037370|0
1583|11922383|0
1583|43432684|0
1583|43432630|0
1583|43432416|0
1583|43432349|0
1583|43428635|0
1583|43432234|0
1583|43432183|0
1583|43431689|0
1583|43431983|0
1583|43431732|0
1583|43431781|0
1583|1779199|0
104349|43437541|0
104349|231767|1
104349|43432199|0
104349|43437909|0
104349|43404872|0
104349|43395426|0
104349|7912022|0
104349|853703|0
104349|43437171|0
104349|43441776|0
104349|43438342|0
104349|43440596|0
104349|43432457|0
104349|43431442|0
104349|43438072|0
104349|43438388|0
104349|43441506|1
104349|43439594|0
104349|43441352|0
104349|43440248|0
104349|43441160|0
104349|43440940|0
104349|16728866|0
104349|43434493|0
104349|42478340|0
104349|43282284|0
104349|43440479|0
104349|43438572|0
104349|43437711|0
104349|43439244|0
104349|43440310|0
104349|3240881|0
104349|43440249|0
104349|14418352|0
104349|43439884|0
104349|43439854|0
104349|43425263|0
104349|43439959|0
104349|43440046|0
104349|43439782|1
104349|43439678|0
104349|43438001|0
104349|43435231|0
104349|43439213|5
104349|43439460|0
104349|43437542|0
104349|43437333|0
104349|43438765|0
104349|43438536|0
104349|37759755|0
104349|43438616|0
104349|43435685|0
104349|43438414|1
104349|43438257|0
104349|43437515|0
104349|43437796|0
104349|43436681|0
104349|26195156|1
104349|43437635|0
104349|43437614|0
104349|43437109|0
104349|43437219|0
104349|43437080|0
104349|43436808|0
104349|43436739|0
104349|43436653|0
104349|43436608|0
104349|21218716|0
104349|43435217|1
104349|43431525|0
104349|43425450|0
104349|43434382|0
104349|10679580|0
104349|43431580|0
104349|43434170|0
104349|43434350|0
104349|43432137|0
104349|43432186|0
104349|43432871|0
104349|43432993|0
104349|43404226|0
104349|43433155|0
104349|43432917|0
104349|43432864|0
104349|43432268|0
104349|42037370|0
104349|11922383|0
104349|43432684|0
104349|43432630|0
104349|43432416|0
104349|43432349|0
104349|43428635|0
104349|43432234|0
104349|43432183|0
104349|43431689|0
104349|43431983|0
104349|43431732|0
104349|43431781|0
104349|1779199|0
224671|43437541|0
224671|231767|0
224671|43432199|0
224671|43437909|0
224671|43404872|0
224671|43395426|0
224671|7912022|0
224671|853703|0
224671|43437171|0
224671|43441776|0
224671|43438342|0
224671|43440596|0
224671|43432457|0
224671|43431442|0
224671|43438072|0
224671|43438388|0
224671|43441506|0
224671|43439594|0
224671|43441352|0
224671|43440248|0
224671|43441160|0
224671|43440940|0
224671|16728866|0
224671|43434493|0
224671|42478340|0
224671|43282284|0
224671|43440479|0
224671|43438572|0
224671|43437711|0
224671|43439244|0
224671|43440310|0
224671|3240881|0
224671|43440249|0
224671|14418352|0
224671|43439884|0
224671|43439854|0
224671|43425263|0
224671|43439959|0
224671|43440046|0
224671|43439782|0
224671|43439678|0
224671|43438001|0
224671|43435231|0
224671|43439213|0
224671|43439460|0
224671|43437542|0
224671|43437333|0
224671|43438765|0
224671|43438536|0
224671|37759755|0
224671|43438616|0
224671|43435685|0
224671|43438414|0
224671|43438257|0
224671|43437515|0
224671|43437796|0
224671|43436681|0
224671|26195156|0
224671|43437635|0
224671|43437614|0
224671|43437109|0
224671|43437219|0
224671|43437080|0
224671|43436808|0
224671|43436739|0
224671|43436653|0
224671|43436608|0
224671|21218716|0
224671|43435217|0
224671|43431525|0
224671|43425450|0
224671|43434382|0
224671|10679580|0
224671|43431580|0
224671|43434170|0
224671|43434350|0
224671|43432137|0
224671|43432186|0
224671|43432871|0
224671|43432993|0
224671|43404226|0
224671|43433155|0
224671|43432917|0
224671|43432864|0
224671|43432268|0
224671|42037370|0
224671|11922383|0
224671|43432684|0
224671|43432630|0
224671|43432416|0
224671|43432349|0
224671|43428635|0
224671|43432234|0
224671|43432183|0
224671|43431689|0
224671|43431983|0
224671|43431732|0
224671|43431781|0
224671|1779199|0
1968|43437541|0
1968|231767|0
1968|43432199|0
1968|43437909|0
1968|43404872|0
1968|43395426|0
1968|7912022|0
1968|853703|0
1968|43437171|0
1968|43441776|0
1968|43438342|0
1968|43440596|0
1968|43432457|0
1968|43431442|0
1968|43438072|0
1968|43438388|0
1968|43441506|0
1968|43439594|0
1968|43441352|0
1968|43440248|0
1968|43441160|0
1968|43440940|0
1968|16728866|0
1968|43434493|0
1968|42478340|0
1968|43282284|0
1968|43440479|0
1968|43438572|0
1968|43437711|0
1968|43439244|0
1968|43440310|0
1968|3240881|0
1968|43440249|0
1968|14418352|0
1968|43439884|0
1968|43439854|0
1968|43425263|0
1968|43439959|0
1968|43440046|0
1968|43439782|0
1968|43439678|0
1968|43438001|0
1968|43435231|0
1968|43439213|0
1968|43439460|0
1968|43437542|0
1968|43437333|0
1968|43438765|0
1968|43438536|0
1968|37759755|0
1968|43438616|0
1968|43435685|0
1968|43438414|0
1968|43438257|0
1968|43437515|0
1968|43437796|0
1968|43436681|0
1968|26195156|0
1968|43437635|0
1968|43437614|0
1968|43437109|0
1968|43437219|0
1968|43437080|0
1968|43436808|0
1968|43436739|0
1968|43436653|0
1968|43436608|0
1968|21218716|0
1968|43435217|0
1968|43431525|0
1968|43425450|0
1968|43434382|0
1968|10679580|0
1968|43431580|0
1968|43434170|0
1968|43434350|0
1968|43432137|0
1968|43432186|0
1968|43432871|0
1968|43432993|0
1968|43404226|0
1968|43433155|0
1968|43432917|0
1968|43432864|0
1968|43432268|0
1968|42037370|0
1968|11922383|0
1968|43432684|0
1968|43432630|0
1968|43432416|0
1968|43432349|0
1968|43428635|0
1968|43432234|0
1968|43432183|0
1968|43431689|0
1968|43431983|0
1968|43431732|0
1968|43431781|0
1968|1779199|0
179910|43437541|0
179910|231767|0
179910|43432199|0
179910|43437909|0
179910|43404872|0
179910|43395426|0
179910|7912022|0
179910|853703|0
179910|43437171|0
179910|43441776|0
179910|43438342|0
179910|43440596|0
179910|43432457|0
179910|43431442|0
179910|43438072|0
179910|43438388|0
179910|43441506|0
179910|43439594|0
179910|43441352|0
179910|43440248|0
179910|43441160|0
179910|43440940|0
179910|16728866|0
179910|43434493|0
179910|42478340|0
179910|43282284|0
179910|43440479|0
179910|43438572|0
179910|43437711|0
179910|43439244|0
179910|43440310|0
179910|3240881|0
179910|43440249|0
179910|14418352|0
179910|43439884|0
179910|43439854|0
179910|43425263|0
179910|43439959|0
179910|43440046|0
179910|43439782|0
179910|43439678|0
179910|43438001|0
179910|43435231|0
179910|43439213|0
179910|43439460|0
179910|43437542|0
179910|43437333|0
179910|43438765|0
179910|43438536|0
179910|37759755|0
179910|43438616|0
179910|43435685|0
179910|43438414|0
179910|43438257|0
179910|43437515|0
179910|43437796|0
179910|43436681|0
179910|26195156|0
179910|43437635|0
179910|43437614|0
179910|43437109|0
179910|43437219|0
179910|43437080|0
179910|43436808|0
179910|43436739|0
179910|43436653|0
179910|43436608|0
179910|21218716|0
179910|43435217|0
179910|43431525|0
179910|43425450|0
179910|43434382|0
179910|10679580|0
179910|43431580|0
179910|43434170|0
179910|43434350|0
179910|43432137|0
179910|43432186|0
179910|43432871|0
179910|43432993|0
179910|43404226|0
179910|43433155|0
179910|43432917|0
179910|43432864|0
179910|43432268|0
179910|42037370|0
179910|11922383|0
179910|43432684|0
179910|43432630|0
179910|43432416|0
179910|43432349|0
179910|43428635|0
179910|43432234|0
179910|43432183|0
179910|43431689|0
179910|43431983|0
179910|43431732|0
179910|43431781|0
179910|1779199|0
476|43437541|0
476|231767|0
476|43432199|0
476|43437909|0
476|43404872|0
476|43395426|0
476|7912022|0
476|853703|0
476|43437171|0
476|43441776|0
476|43438342|0
476|43440596|0
476|43432457|0
476|43431442|0
476|43438072|0
476|43438388|0
476|43441506|0
476|43439594|0
476|43441352|0
476|43440248|0
476|43441160|0
476|43440940|0
476|16728866|0
476|43434493|0
476|42478340|0
476|43282284|0
476|43440479|0
476|43438572|0
476|43437711|0
476|43439244|0
476|43440310|0
476|3240881|0
476|43440249|0
476|14418352|0
476|43439884|0
476|43439854|0
476|43425263|0
476|43439959|0
476|43440046|0
476|43439782|0
476|43439678|0
476|43438001|0
476|43435231|0
476|43439213|0
476|43439460|0
476|43437542|0
476|43437333|0
476|43438765|0
476|43438536|0
476|37759755|0
476|43438616|0
476|43435685|0
476|43438414|0
476|43438257|0
476|43437515|0
476|43437796|0
476|43436681|0
476|26195156|0
476|43437635|0
476|43437614|0
476|43437109|0
476|43437219|0
476|43437080|0
476|43436808|0
476|43436739|0
476|43436653|0
476|43436608|0
476|21218716|0
476|43435217|0
476|43431525|0
476|43425450|0
476|43434382|0
476|10679580|0
476|43431580|0
476|43434170|0
476|43434350|0
476|43432137|0
476|43432186|0
476|43432871|0
476|43432993|0
476|43404226|0
476|43433155|0
476|43432917|0
476|43432864|0
476|43432268|0
476|42037370|0
476|11922383|0
476|43432684|0
476|43432630|0
476|43432416|0
476|43432349|0
476|43428635|0
476|43432234|0
476|43432183|0
476|43431689|0
476|43431983|0
476|43431732|0
476|43431781|0
476|1779199|0
187606|43437541|0
187606|231767|0
187606|43432199|0
187606|43437909|0
187606|43404872|0
187606|43395426|0
187606|7912022|0
187606|853703|0
187606|43437171|0
187606|43441776|0
187606|43438342|0
187606|43440596|0
187606|43432457|0
187606|43431442|0
187606|43438072|0
187606|43438388|0
187606|43441506|0
187606|43439594|0
187606|43441352|0
187606|43440248|0
187606|43441160|0
187606|43440940|0
187606|16728866|0
187606|43434493|0
187606|42478340|0
187606|43282284|0
187606|43440479|0
187606|43438572|0
187606|43437711|0
187606|43439244|0
187606|43440310|0
187606|3240881|0
187606|43440249|0
187606|14418352|0
187606|43439884|0
187606|43439854|0
187606|43425263|0
187606|43439959|0
187606|43440046|0
187606|43439782|0
187606|43439678|0
187606|43438001|0
187606|43435231|0
187606|43439213|0
187606|43439460|0
187606|43437542|0
187606|43437333|0
187606|43438765|0
187606|43438536|0
187606|37759755|0
187606|43438616|0
187606|43435685|0
187606|43438414|0
187606|43438257|0
187606|43437515|0
187606|43437796|0
187606|43436681|0
187606|26195156|0
187606|43437635|0
187606|43437614|0
187606|43437109|0
187606|43437219|0
187606|43437080|0
187606|43436808|0
187606|43436739|0
187606|43436653|0
187606|43436608|0
187606|21218716|0
187606|43435217|0
187606|43431525|0
187606|43425450|0
187606|43434382|0
187606|10679580|0
187606|43431580|0
187606|43434170|0
187606|43434350|0
187606|43432137|0
187606|43432186|0
187606|43432871|0
187606|43432993|0
187606|43404226|0
187606|43433155|0
187606|43432917|0
187606|43432864|0
187606|43432268|0
187606|42037370|0
187606|11922383|0
187606|43432684|0
187606|43432630|0
187606|43432416|0
187606|43432349|0
187606|43428635|0
187606|43432234|0
187606|43432183|0
187606|43431689|0
187606|43431983|0
187606|43431732|0
187606|43431781|0
187606|1779199|0
1491895|43437541|0
1491895|231767|0
1491895|43432199|0
1491895|43437909|0
1491895|43404872|0
1491895|43395426|0
1491895|7912022|0
1491895|853703|0
1491895|43437171|0
1491895|43441776|0
1491895|43438342|0
1491895|43440596|0
1491895|43432457|0
1491895|43431442|0
1491895|43438072|0
1491895|43438388|0
1491895|43441506|0
1491895|43439594|0
1491895|43441352|0
1491895|43440248|0
1491895|43441160|0
1491895|43440940|0
1491895|16728866|0
1491895|43434493|0
1491895|42478340|0
1491895|43282284|0
1491895|43440479|0
1491895|43438572|0
1491895|43437711|0
1491895|43439244|0
1491895|43440310|0
1491895|3240881|0
1491895|43440249|0
1491895|14418352|0
1491895|43439884|0
1491895|43439854|0
1491895|43425263|0
1491895|43439959|0
1491895|43440046|0
1491895|43439782|0
1491895|43439678|0
1491895|43438001|0
1491895|43435231|0
1491895|43439213|0
1491895|43439460|0
1491895|43437542|0
1491895|43437333|0
1491895|43438765|0
1491895|43438536|0
1491895|37759755|0
1491895|43438616|0
1491895|43435685|0
1491895|43438414|0
1491895|43438257|0
1491895|43437515|0
1491895|43437796|0
1491895|43436681|0
1491895|26195156|0
1491895|43437635|0
1491895|43437614|0
1491895|43437109|0
1491895|43437219|0
1491895|43437080|0
1491895|43436808|0
1491895|43436739|0
1491895|43436653|0
1491895|43436608|0
1491895|21218716|0
1491895|43435217|0
1491895|43431525|0
1491895|43425450|0
1491895|43434382|0
1491895|10679580|0
1491895|43431580|0
1491895|43434170|0
1491895|43434350|0
1491895|43432137|0
1491895|43432186|0
1491895|43432871|0
1491895|43432993|0
1491895|43404226|0
1491895|43433155|0
1491895|43432917|0
1491895|43432864|0
1491895|43432268|0
1491895|42037370|0
1491895|11922383|0
1491895|43432684|0
1491895|43432630|0
1491895|43432416|0
1491895|43432349|0
1491895|43428635|0
1491895|43432234|0
1491895|43432183|0
1491895|43431689|0
1491895|43431983|0
1491895|43431732|0
1491895|43431781|0
1491895|1779199|0
922184|43437541|0
922184|231767|0
922184|43432199|0
922184|43437909|0
922184|43404872|0
922184|43395426|0
922184|7912022|0
922184|853703|0
922184|43437171|0
922184|43441776|0
922184|43438342|0
922184|43440596|0
922184|43432457|0
922184|43431442|0
922184|43438072|0
922184|43438388|0
922184|43441506|0
922184|43439594|0
922184|43441352|0
922184|43440248|0
922184|43441160|0
922184|43440940|0
922184|16728866|0
922184|43434493|0
922184|42478340|0
922184|43282284|0
922184|43440479|0
922184|43438572|0
922184|43437711|0
922184|43439244|0
922184|43440310|0
922184|3240881|0
922184|43440249|0
922184|14418352|0
922184|43439884|0
922184|43439854|0
922184|43425263|0
922184|43439959|0
922184|43440046|0
922184|43439782|0
922184|43439678|0
922184|43438001|0
922184|43435231|0
922184|43439213|0
922184|43439460|0
922184|43437542|0
922184|43437333|0
922184|43438765|0
922184|43438536|0
922184|37759755|0
922184|43438616|0
922184|43435685|0
922184|43438414|0
922184|43438257|0
922184|43437515|0
922184|43437796|0
922184|43436681|0
922184|26195156|0
922184|43437635|0
922184|43437614|0
922184|43437109|0
922184|43437219|0
922184|43437080|0
922184|43436808|0
922184|43436739|0
922184|43436653|0
922184|43436608|0
922184|21218716|0
922184|43435217|0
922184|43431525|0
922184|43425450|0
922184|43434382|0
922184|10679580|0
922184|43431580|0
922184|43434170|0
922184|43434350|0
922184|43432137|0
922184|43432186|0
922184|43432871|0
922184|43432993|0
922184|43404226|0
922184|43433155|0
922184|43432917|0
922184|43432864|0
922184|43432268|0
922184|42037370|0
922184|11922383|0
922184|43432684|0
922184|43432630|0
922184|43432416|0
922184|43432349|0
922184|43428635|0
922184|43432234|0
922184|43432183|0
922184|43431689|0
922184|43431983|0
922184|43431732|0
922184|43431781|0
922184|1779199|0
16417|43437541|0
16417|231767|0
16417|43432199|0
16417|43437909|0
16417|43404872|0
16417|43395426|0
16417|7912022|0
16417|853703|0
16417|43437171|0
16417|43441776|0
16417|43438342|0
16417|43440596|0
16417|43432457|0
16417|43431442|0
16417|43438072|0
16417|43438388|0
16417|43441506|0
16417|43439594|0
16417|43441352|0
16417|43440248|0
16417|43441160|0
16417|43440940|0
16417|16728866|0
16417|43434493|0
16417|42478340|0
16417|43282284|0
16417|43440479|0
16417|43438572|0
16417|43437711|0
16417|43439244|0
16417|43440310|0
16417|3240881|0
16417|43440249|0
16417|14418352|0
16417|43439884|0
16417|43439854|0
16417|43425263|0
16417|43439959|0
16417|43440046|0
16417|43439782|0
16417|43439678|0
16417|43438001|0
16417|43435231|0
16417|43439213|0
16417|43439460|0
16417|43437542|0
16417|43437333|0
16417|43438765|0
16417|43438536|0
16417|37759755|0
16417|43438616|0
16417|43435685|0
16417|43438414|0
16417|43438257|0
16417|43437515|0
16417|43437796|0
16417|43436681|0
16417|26195156|0
16417|43437635|0
16417|43437614|0
16417|43437109|0
16417|43437219|0
16417|43437080|0
16417|43436808|0
16417|43436739|0
16417|43436653|0
16417|43436608|0
16417|21218716|0
16417|43435217|0
16417|43431525|0
16417|43425450|0
16417|43434382|0
16417|10679580|0
16417|43431580|0
16417|43434170|0
16417|43434350|0
16417|43432137|0
16417|43432186|0
16417|43432871|0
16417|43432993|0
16417|43404226|0
16417|43433155|0
16417|43432917|0
16417|43432864|0
16417|43432268|0
16417|42037370|0
16417|11922383|0
16417|43432684|0
16417|43432630|0
16417|43432416|0
16417|43432349|0
16417|43428635|0
16417|43432234|0
16417|43432183|0
16417|43431689|0
16417|43431983|0
16417|43431732|0
16417|43431781|0
16417|1779199|0
9021|43437541|0
9021|231767|0
9021|43432199|0
9021|43437909|0
9021|43404872|0
9021|43395426|0
9021|7912022|0
9021|853703|0
9021|43437171|0
9021|43441776|0
9021|43438342|0
9021|43440596|0
9021|43432457|0
9021|43431442|0
9021|43438072|0
9021|43438388|0
9021|43441506|0
9021|43439594|0
9021|43441352|0
9021|43440248|0
9021|43441160|0
9021|43440940|0
9021|16728866|0
9021|43434493|0
9021|42478340|0
9021|43282284|0
9021|43440479|0
9021|43438572|0
9021|43437711|0
9021|43439244|0
9021|43440310|0
9021|3240881|0
9021|43440249|0
9021|14418352|0
9021|43439884|0
9021|43439854|0
9021|43425263|0
9021|43439959|0
9021|43440046|0
9021|43439782|0
9021|43439678|0
9021|43438001|0
9021|43435231|0
9021|43439213|0
9021|43439460|0
9021|43437542|0
9021|43437333|0
9021|43438765|0
9021|43438536|0
9021|37759755|0
9021|43438616|0
9021|43435685|0
9021|43438414|0
9021|43438257|0
9021|43437515|0
9021|43437796|0
9021|43436681|0
9021|26195156|0
9021|43437635|0
9021|43437614|0
9021|43437109|0
9021|43437219|0
9021|43437080|0
9021|43436808|0
9021|43436739|0
9021|43436653|0
9021|43436608|0
9021|21218716|0
9021|43435217|0
9021|43431525|0
9021|43425450|0
9021|43434382|0
9021|10679580|0
9021|43431580|0
9021|43434170|0
9021|43434350|0
9021|43432137|0
9021|43432186|0
9021|43432871|0
9021|43432993|0
9021|43404226|0
9021|43433155|0
9021|43432917|0
9021|43432864|0
9021|43432268|0
9021|42037370|0
9021|11922383|0
9021|43432684|0
9021|43432630|0
9021|43432416|0
9021|43432349|0
9021|43428635|0
9021|43432234|0
9021|43432183|0
9021|43431689|0
9021|43431983|0
9021|43431732|0
9021|43431781|0
9021|1779199|0
596781|43437541|1
596781|231767|1
596781|43432199|0
596781|43437909|0
596781|43404872|0
596781|43395426|0
596781|7912022|0
596781|853703|0
596781|43437171|0
596781|43441776|0
596781|43438342|0
596781|43440596|0
596781|43432457|0
596781|43431442|0
596781|43438072|0
596781|43438388|0
596781|43441506|0
596781|43439594|0
596781|43441352|0
596781|43440248|0
596781|43441160|0
596781|43440940|0
596781|16728866|0
596781|43434493|0
596781|42478340|0
596781|43282284|0
596781|43440479|0
596781|43438572|0
596781|43437711|0
596781|43439244|0
596781|43440310|0
596781|3240881|0
596781|43440249|0
596781|14418352|0
596781|43439884|0
596781|43439854|0
596781|43425263|0
596781|43439959|0
596781|43440046|0
596781|43439782|0
596781|43439678|0
596781|43438001|0
596781|43435231|0
596781|43439213|0
596781|43439460|0
596781|43437542|1
596781|43437333|0
596781|43438765|0
596781|43438536|0
596781|37759755|0
596781|43438616|0
596781|43435685|0
596781|43438414|0
596781|43438257|0
596781|43437515|0
596781|43437796|0
596781|43436681|0
596781|26195156|0
596781|43437635|0
596781|43437614|0
596781|43437109|0
596781|43437219|0
596781|43437080|0
596781|43436808|0
596781|43436739|0
596781|43436653|0
596781|43436608|0
596781|21218716|0
596781|43435217|0
596781|43431525|0
596781|43425450|0
596781|43434382|0
596781|10679580|0
596781|43431580|0
596781|43434170|0
596781|43434350|0
596781|43432137|2
596781|43432186|0
596781|43432871|0
596781|43432993|0
596781|43404226|0
596781|43433155|0
596781|43432917|0
596781|43432864|0
596781|43432268|0
596781|42037370|0
596781|11922383|0
596781|43432684|0
596781|43432630|0
596781|43432416|0
596781|43432349|0
596781|43428635|0
596781|43432234|0
596781|43432183|0
596781|43431689|0
596781|43431983|0
596781|43431732|0
596781|43431781|0
596781|1779199|0
20860|43437541|0
20860|231767|0
20860|43432199|0
20860|43437909|0
20860|43404872|3
20860|43395426|0
20860|7912022|0
20860|853703|0
20860|43437171|0
20860|43441776|0
20860|43438342|0
20860|43440596|1
20860|43432457|3
20860|43431442|2
20860|43438072|0
20860|43438388|0
20860|43441506|0
20860|43439594|2
20860|43441352|0
20860|43440248|0
20860|43441160|2
20860|43440940|0
20860|16728866|0
20860|43434493|0
20860|42478340|0
20860|43282284|3
20860|43440479|0
20860|43438572|1
20860|43437711|0
20860|43439244|1
20860|43440310|2
20860|3240881|0
20860|43440249|0
20860|14418352|0
20860|43439884|0
20860|43439854|0
20860|43425263|0
20860|43439959|0
20860|43440046|0
20860|43439782|0
20860|43439678|1
20860|43438001|0
20860|43435231|0
20860|43439213|0
20860|43439460|1
20860|43437542|0
20860|43437333|0
20860|43438765|0
20860|43438536|2
20860|37759755|0
20860|43438616|0
20860|43435685|0
20860|43438414|0
20860|43438257|2
20860|43437515|0
20860|43437796|1
20860|43436681|1
20860|26195156|0
20860|43437635|0
20860|43437614|1
20860|43437109|0
20860|43437219|2
20860|43437080|1
20860|43436808|1
20860|43436739|2
20860|43436653|2
20860|43436608|0
20860|21218716|0
20860|43435217|0
20860|43431525|2
20860|43425450|0
20860|43434382|0
20860|10679580|0
20860|43431580|0
20860|43434170|0
20860|43434350|0
20860|43432137|0
20860|43432186|0
20860|43432871|0
20860|43432993|0
20860|43404226|0
20860|43433155|4
20860|43432917|3
20860|43432864|2
20860|43432268|0
20860|42037370|0
20860|11922383|0
20860|43432684|1
20860|43432630|1
20860|43432416|5
20860|43432349|0
20860|43428635|0
20860|43432234|0
20860|43432183|0
20860|43431689|0
20860|43431983|0
20860|43431732|1
20860|43431781|0
20860|1779199|0
479863|43437541|0
479863|231767|0
479863|43432199|0
479863|43437909|0
479863|43404872|0
479863|43395426|0
479863|7912022|0
479863|853703|0
479863|43437171|0
479863|43441776|0
479863|43438342|0
479863|43440596|0
479863|43432457|0
479863|43431442|0
479863|43438072|0
479863|43438388|0
479863|43441506|0
479863|43439594|0
479863|43441352|0
479863|43440248|0
479863|43441160|0
479863|43440940|0
479863|16728866|0
479863|43434493|0
479863|42478340|0
479863|43282284|0
479863|43440479|0
479863|43438572|0
479863|43437711|0
479863|43439244|0
479863|43440310|0
479863|3240881|0
479863|43440249|0
479863|14418352|0
479863|43439884|0
479863|43439854|0
479863|43425263|0
479863|43439959|0
479863|43440046|0
479863|43439782|0
479863|43439678|0
479863|43438001|0
479863|43435231|0
479863|43439213|0
479863|43439460|0
479863|43437542|0
479863|43437333|0
479863|43438765|0
479863|43438536|0
479863|37759755|0
479863|43438616|0
479863|43435685|0
479863|43438414|0
479863|43438257|0
479863|43437515|0
479863|43437796|0
479863|43436681|0
479863|26195156|0
479863|43437635|0
479863|43437614|0
479863|43437109|0
479863|43437219|0
479863|43437080|0
479863|43436808|0
479863|43436739|0
479863|43436653|0
479863|43436608|0
479863|21218716|0
479863|43435217|0
479863|43431525|0
479863|43425450|0
479863|43434382|0
479863|10679580|0
479863|43431580|0
479863|43434170|0
479863|43434350|0
479863|43432137|0
479863|43432186|0
479863|43432871|0
479863|43432993|0
479863|43404226|0
479863|43433155|0
479863|43432917|0
479863|43432864|0
479863|43432268|0
479863|42037370|0
479863|11922383|0
479863|43432684|0
479863|43432630|0
479863|43432416|0
479863|43432349|0
479863|43428635|0
479863|43432234|0
479863|43432183|0
479863|43431689|0
479863|43431983|0
479863|43431732|0
479863|43431781|0
479863|1779199|0
284240|43437541|0
284240|231767|0
284240|43432199|0
284240|43437909|0
284240|43404872|0
284240|43395426|0
284240|7912022|0
284240|853703|0
284240|43437171|0
284240|43441776|0
284240|43438342|0
284240|43440596|0
284240|43432457|0
284240|43431442|0
284240|43438072|0
284240|43438388|0
284240|43441506|0
284240|43439594|0
284240|43441352|0
284240|43440248|0
284240|43441160|0
284240|43440940|0
284240|16728866|0
284240|43434493|0
284240|42478340|0
284240|43282284|0
284240|43440479|0
284240|43438572|0
284240|43437711|0
284240|43439244|0
284240|43440310|0
284240|3240881|0
284240|43440249|0
284240|14418352|0
284240|43439884|0
284240|43439854|0
284240|43425263|0
284240|43439959|0
284240|43440046|0
284240|43439782|0
284240|43439678|0
284240|43438001|0
284240|43435231|0
284240|43439213|0
284240|43439460|0
284240|43437542|0
284240|43437333|0
284240|43438765|0
284240|43438536|0
284240|37759755|0
284240|43438616|0
284240|43435685|0
284240|43438414|0
284240|43438257|0
284240|43437515|0
284240|43437796|0
284240|43436681|0
284240|26195156|0
284240|43437635|0
284240|43437614|0
284240|43437109|0
284240|43437219|0
284240|43437080|0
284240|43436808|0
284240|43436739|0
284240|43436653|0
284240|43436608|0
284240|21218716|0
284240|43435217|0
284240|43431525|0
284240|43425450|0
284240|43434382|0
284240|10679580|0
284240|43431580|0
284240|43434170|0
284240|43434350|0
284240|43432137|0
284240|43432186|0
284240|43432871|0
284240|43432993|0
284240|43404226|0
284240|43433155|0
284240|43432917|0
284240|43432864|0
284240|43432268|0
284240|42037370|0
284240|11922383|0
284240|43432684|0
284240|43432630|0
284240|43432416|0
284240|43432349|0
284240|43428635|0
284240|43432234|0
284240|43432183|0
284240|43431689|0
284240|43431983|0
284240|43431732|0
284240|43431781|0
284240|1779199|0
413501|43437541|0
413501|231767|0
413501|43432199|0
413501|43437909|0
413501|43404872|0
413501|43395426|0
413501|7912022|0
413501|853703|0
413501|43437171|0
413501|43441776|0
413501|43438342|0
413501|43440596|0
413501|43432457|0
413501|43431442|0
413501|43438072|0
413501|43438388|0
413501|43441506|0
413501|43439594|0
413501|43441352|0
413501|43440248|0
413501|43441160|0
413501|43440940|0
413501|16728866|0
413501|43434493|0
413501|42478340|0
413501|43282284|0
413501|43440479|0
413501|43438572|0
413501|43437711|0
413501|43439244|0
413501|43440310|0
413501|3240881|0
413501|43440249|0
413501|14418352|0
413501|43439884|0
413501|43439854|0
413501|43425263|0
413501|43439959|0
413501|43440046|0
413501|43439782|0
413501|43439678|0
413501|43438001|0
413501|43435231|0
413501|43439213|0
413501|43439460|0
413501|43437542|0
413501|43437333|0
413501|43438765|0
413501|43438536|0
413501|37759755|0
413501|43438616|0
413501|43435685|0
413501|43438414|0
413501|43438257|0
413501|43437515|0
413501|43437796|0
413501|43436681|0
413501|26195156|0
413501|43437635|0
413501|43437614|0
413501|43437109|0
413501|43437219|0
413501|43437080|0
413501|43436808|0
413501|43436739|0
413501|43436653|0
413501|43436608|0
413501|21218716|0
413501|43435217|0
413501|43431525|0
413501|43425450|0
413501|43434382|0
413501|10679580|0
413501|43431580|0
413501|43434170|0
413501|43434350|0
413501|43432137|0
413501|43432186|0
413501|43432871|0
413501|43432993|0
413501|43404226|0
413501|43433155|0
413501|43432917|0
413501|43432864|0
413501|43432268|0
413501|42037370|0
413501|11922383|0
413501|43432684|0
413501|43432630|0
413501|43432416|0
413501|43432349|0
413501|43428635|0
413501|43432234|0
413501|43432183|0
413501|43431689|0
413501|43431983|0
413501|43431732|0
413501|43431781|0
413501|1779199|0
50079|43437541|0
50079|231767|0
50079|43432199|0
50079|43437909|0
50079|43404872|0
50079|43395426|0
50079|7912022|0
50079|853703|0
50079|43437171|0
50079|43441776|0
50079|43438342|0
50079|43440596|0
50079|43432457|0
50079|43431442|0
50079|43438072|0
50079|43438388|0
50079|43441506|0
50079|43439594|0
50079|43441352|0
50079|43440248|0
50079|43441160|0
50079|43440940|0
50079|16728866|0
50079|43434493|0
50079|42478340|0
50079|43282284|0
50079|43440479|0
50079|43438572|0
50079|43437711|0
50079|43439244|0
50079|43440310|0
50079|3240881|0
50079|43440249|0
50079|14418352|0
50079|43439884|0
50079|43439854|0
50079|43425263|0
50079|43439959|0
50079|43440046|0
50079|43439782|0
50079|43439678|0
50079|43438001|0
50079|43435231|0
50079|43439213|0
50079|43439460|0
50079|43437542|0
50079|43437333|0
50079|43438765|0
50079|43438536|0
50079|37759755|0
50079|43438616|0
50079|43435685|0
50079|43438414|0
50079|43438257|0
50079|43437515|0
50079|43437796|0
50079|43436681|0
50079|26195156|0
50079|43437635|0
50079|43437614|0
50079|43437109|0
50079|43437219|0
50079|43437080|0
50079|43436808|0
50079|43436739|0
50079|43436653|0
50079|43436608|0
50079|21218716|0
50079|43435217|0
50079|43431525|0
50079|43425450|0
50079|43434382|0
50079|10679580|0
50079|43431580|0
50079|43434170|0
50079|43434350|0
50079|43432137|0
50079|43432186|0
50079|43432871|0
50079|43432993|0
50079|43404226|0
50079|43433155|0
50079|43432917|0
50079|43432864|0
50079|43432268|0
50079|42037370|0
50079|11922383|0
50079|43432684|0
50079|43432630|0
50079|43432416|0
50079|43432349|0
50079|43428635|0
50079|43432234|0
50079|43432183|0
50079|43431689|0
50079|43431983|0
50079|43431732|0
50079|43431781|0
50079|1779199|0
138475|43437541|0
138475|231767|0
138475|43432199|0
138475|43437909|0
138475|43404872|0
138475|43395426|0
138475|7912022|0
138475|853703|0
138475|43437171|0
138475|43441776|0
138475|43438342|0
138475|43440596|0
138475|43432457|0
138475|43431442|0
138475|43438072|0
138475|43438388|0
138475|43441506|0
138475|43439594|0
138475|43441352|0
138475|43440248|0
138475|43441160|0
138475|43440940|0
138475|16728866|0
138475|43434493|0
138475|42478340|0
138475|43282284|0
138475|43440479|0
138475|43438572|0
138475|43437711|0
138475|43439244|0
138475|43440310|0
138475|3240881|0
138475|43440249|0
138475|14418352|0
138475|43439884|0
138475|43439854|0
138475|43425263|0
138475|43439959|0
138475|43440046|0
138475|43439782|0
138475|43439678|0
138475|43438001|0
138475|43435231|0
138475|43439213|0
138475|43439460|0
138475|43437542|0
138475|43437333|0
138475|43438765|0
138475|43438536|0
138475|37759755|0
138475|43438616|0
138475|43435685|0
138475|43438414|0
138475|43438257|0
138475|43437515|0
138475|43437796|0
138475|43436681|0
138475|26195156|0
138475|43437635|0
138475|43437614|0
138475|43437109|0
138475|43437219|0
138475|43437080|0
138475|43436808|0
138475|43436739|0
138475|43436653|0
138475|43436608|0
138475|21218716|0
138475|43435217|0
138475|43431525|0
138475|43425450|0
138475|43434382|0
138475|10679580|0
138475|43431580|0
138475|43434170|0
138475|43434350|0
138475|43432137|0
138475|43432186|0
138475|43432871|0
138475|43432993|0
138475|43404226|0
138475|43433155|0
138475|43432917|0
138475|43432864|0
138475|43432268|0
138475|42037370|0
138475|11922383|0
138475|43432684|0
138475|43432630|0
138475|43432416|0
138475|43432349|0
138475|43428635|0
138475|43432234|0
138475|43432183|0
138475|43431689|0
138475|43431983|0
138475|43431732|0
138475|43431781|0
138475|1779199|0
27535|43437541|0
27535|231767|0
27535|43432199|0
27535|43437909|0
27535|43404872|0
27535|43395426|0
27535|7912022|0
27535|853703|0
27535|43437171|0
27535|43441776|0
27535|43438342|0
27535|43440596|0
27535|43432457|0
27535|43431442|0
27535|43438072|0
27535|43438388|0
27535|43441506|0
27535|43439594|0
27535|43441352|0
27535|43440248|0
27535|43441160|0
27535|43440940|0
27535|16728866|0
27535|43434493|0
27535|42478340|0
27535|43282284|0
27535|43440479|0
27535|43438572|0
27535|43437711|0
27535|43439244|0
27535|43440310|0
27535|3240881|0
27535|43440249|0
27535|14418352|0
27535|43439884|0
27535|43439854|0
27535|43425263|0
27535|43439959|0
27535|43440046|0
27535|43439782|0
27535|43439678|0
27535|43438001|0
27535|43435231|0
27535|43439213|0
27535|43439460|0
27535|43437542|0
27535|43437333|0
27535|43438765|0
27535|43438536|0
27535|37759755|0
27535|43438616|0
27535|43435685|0
27535|43438414|0
27535|43438257|0
27535|43437515|0
27535|43437796|0
27535|43436681|0
27535|26195156|0
27535|43437635|0
27535|43437614|0
27535|43437109|0
27535|43437219|0
27535|43437080|0
27535|43436808|0
27535|43436739|0
27535|43436653|0
27535|43436608|0
27535|21218716|0
27535|43435217|0
27535|43431525|0
27535|43425450|0
27535|43434382|0
27535|10679580|0
27535|43431580|0
27535|43434170|0
27535|43434350|0
27535|43432137|0
27535|43432186|0
27535|43432871|0
27535|43432993|0
27535|43404226|0
27535|43433155|0
27535|43432917|0
27535|43432864|0
27535|43432268|0
27535|42037370|0
27535|11922383|0
27535|43432684|0
27535|43432630|0
27535|43432416|0
27535|43432349|0
27535|43428635|0
27535|43432234|0
27535|43432183|0
27535|43431689|0
27535|43431983|0
27535|43431732|0
27535|43431781|0
27535|1779199|0
114251|43437541|0
114251|231767|0
114251|43432199|0
114251|43437909|0
114251|43404872|0
114251|43395426|0
114251|7912022|0
114251|853703|0
114251|43437171|0
114251|43441776|0
114251|43438342|0
114251|43440596|0
114251|43432457|0
114251|43431442|0
114251|43438072|0
114251|43438388|0
114251|43441506|0
114251|43439594|0
114251|43441352|0
114251|43440248|0
114251|43441160|0
114251|43440940|0
114251|16728866|0
114251|43434493|0
114251|42478340|0
114251|43282284|0
114251|43440479|0
114251|43438572|0
114251|43437711|0
114251|43439244|0
114251|43440310|0
114251|3240881|0
114251|43440249|0
114251|14418352|0
114251|43439884|0
114251|43439854|0
114251|43425263|0
114251|43439959|0
114251|43440046|0
114251|43439782|0
114251|43439678|0
114251|43438001|0
114251|43435231|0
114251|43439213|0
114251|43439460|0
114251|43437542|0
114251|43437333|0
114251|43438765|0
114251|43438536|0
114251|37759755|0